M_Time,PolNo,ItemDesc,M_Val,Code2Desc
2019-07-31T00:00:00,P011,G瘠撇负蚀]I@p杉凭讠А,31.00,タ`逼穸q代
2019-07-31T00:00:00,P021,G瘠撇负蚀]I@p杉凭讠А,24.00,タ`逼穸q代
2019-07-31T00:00:00,P101,G瘠撇负蚀]I@p杉凭讠А,22.00,タ`逼穸q代
2019-07-31T00:00:00,P201,G瘠撇负蚀]I@p杉凭讠А,16.00,タ`逼穸q代
2019-07-31T00:00:00,P301,G瘠撇负蚀]I@p杉凭讠А,9.00,タ`逼穸q代
2019-07-31T00:00:00,P401,G瘠撇负蚀]I@p杉凭讠А,2.00,TwγV方既氨B锣珊蚀]Iぇq代
2019-07-31T00:00:00,P501,G瘠撇负蚀]I@p杉凭讠А,36.00,タ`逼穸q代
2019-07-31T00:00:00,P601,G瘠撇负蚀]I@p杉凭讠А,34.00,タ`逼穸q代
2019-07-31T00:00:00,P701,G瘠撇负蚀]I@p杉凭讠А,35.00,タ`逼穸q代
2019-07-31T00:00:00,P801,G瘠撇负蚀]I@p杉凭讠А,35.00,タ`逼穸q代
2019-07-31T00:00:00,P011,癞鸷蚀]I@p杉凭讠А,4.70,タ`逼穸q代
2019-07-31T00:00:00,P021,癞鸷蚀]I@p杉凭讠А,4.80,タ`逼穸q代
2019-07-31T00:00:00,P101,癞鸷蚀]I@p杉凭讠А,5.30,タ`逼穸q代
2019-07-31T00:00:00,P201,癞鸷蚀]I@p杉凭讠А,5.80,タ`逼穸q代
2019-07-31T00:00:00,P301,癞鸷蚀]I@p杉凭讠А,4.30,タ`逼穸q代
2019-07-31T00:00:00,P401,癞鸷蚀]I@p杉凭讠А,22.60,TwγV方既氨B锣珊蚀]Iぇq代
2019-07-31T00:00:00,P501,癞鸷蚀]I@p杉凭讠А,4.90,タ`逼穸q代
2019-07-31T00:00:00,P601,癞鸷蚀]I@p杉凭讠А,3.90,タ`逼穸q代
2019-07-31T00:00:00,P701,癞鸷蚀]I@p杉凭讠А,3.70,タ`逼穸q代
2019-07-31T00:00:00,P801,癞鸷蚀]I@p杉凭讠А,4.60,タ`逼穸q代
2019-07-31T00:00:00,P011,逼瘳yv菏代]I@p杉凭讠А,1859616.00,タ`逼穸q代
2019-07-31T00:00:00,P021,逼瘳yv菏代]I@p杉凭讠А,1867834.00,タ`逼穸q代
2019-07-31T00:00:00,P101,逼瘳yv菏代]I@p杉凭讠А,1965346.00,タ`逼穸q代
2019-07-31T00:00:00,P201,逼瘳yv菏代]I@p杉凭讠А,1899576.00,タ`逼穸q代
2019-07-31T00:00:00,P301,逼瘳yv菏代]I@p杉凭讠А,1698282.00,タ`逼穸q代
2019-07-31T00:00:00,P401,逼瘳yv菏代]I@p杉凭讠А,134037.00,TwγV方既氨B锣珊蚀]Iぇq代
2019-07-31T00:00:00,P501,逼瘳yv菏代]I@p杉凭讠А,1778000.00,タ`逼穸q代
2019-07-31T00:00:00,P601,逼瘳yv菏代]I@p杉凭讠А,1712805.00,タ`逼穸q代
2019-07-31T00:00:00,P701,逼瘳yv菏代]I@p杉凭讠А,1813294.00,タ`逼穸q代
2019-07-31T00:00:00,P801,逼瘳yv菏代]I@p杉凭讠А,1993629.00,タ`逼穸q代
2019-07-31T00:00:00,P011,瘁瘠篇菏代]I@p杉凭讠А,40.00,タ`逼穸q代
2019-07-31T00:00:00,P021,瘁瘠篇菏代]I@p杉凭讠А,38.00,タ`逼穸q代
2019-07-31T00:00:00,P101,瘁瘠篇菏代]I@p杉凭讠А,27.00,タ`逼穸q代
2019-07-31T00:00:00,P201,瘁瘠篇菏代]I@p杉凭讠А,31.00,タ`逼穸q代
2019-07-31T00:00:00,P301,瘁瘠篇菏代]I@p杉凭讠А,42.00,タ`逼穸q代
2019-07-31T00:00:00,P401,瘁瘠篇菏代]I@p杉凭讠А,1.00,TwγV方既氨B锣珊蚀]Iぇq代
2019-07-31T00:00:00,P501,瘁瘠篇菏代]I@p杉凭讠А,43.00,タ`逼穸q代
2019-07-31T00:00:00,P601,瘁瘠篇菏代]I@p杉凭讠А,54.00,タ`逼穸q代
2019-07-31T00:00:00,P701,瘁瘠篇菏代]I@p杉凭讠А,42.00,タ`逼穸q代
2019-07-31T00:00:00,P801,瘁瘠篇菏代]I@p杉凭讠А,44.00,タ`逼穸q代
2019-07-31T00:00:00,P011,放缀蚀]I@p杉凭讠А,104.00,タ`逼穸q代
2019-07-31T00:00:00,P021,放缀蚀]I@p杉凭讠А,111.00,タ`逼穸q代
2019-07-31T00:00:00,P101,放缀蚀]I@p杉凭讠А,103.00,タ`逼穸q代
2019-07-31T00:00:00,P201,放缀蚀]I@p杉凭讠А,93.00,タ`逼穸q代
2019-07-31T00:00:00,P301,放缀蚀]I@p杉凭讠А,103.00,タ`逼穸q代
2019-07-31T00:00:00,P401,放缀蚀]I@p杉凭讠А,30.00,TwγV方既氨B锣珊蚀]Iぇq代
2019-07-31T00:00:00,P501,放缀蚀]I@p杉凭讠А,107.00,タ`逼穸q代
2019-07-31T00:00:00,P601,放缀蚀]I@p杉凭讠А,102.00,タ`逼穸q代
2019-07-31T00:00:00,P701,放缀蚀]I@p杉凭讠А,106.00,タ`逼穸q代
2019-07-31T00:00:00,P801,放缀蚀]I@p杉凭讠А,106.00,タ`逼穸q代
2019-07-31T01:00:00,P011,G瘠撇负蚀]I@p杉凭讠А,21.00,タ`逼穸q代
2019-07-31T01:00:00,P021,G瘠撇负蚀]I@p杉凭讠А,25.00,タ`逼穸q代
2019-07-31T01:00:00,P101,G瘠撇负蚀]I@p杉凭讠А,21.00,タ`逼穸q代
2019-07-31T01:00:00,P201,G瘠撇负蚀]I@p杉凭讠А,13.00,タ`逼穸q代
2019-07-31T01:00:00,P301,G瘠撇负蚀]I@p杉凭讠А,9.00,タ`逼穸q代
2019-07-31T01:00:00,P401,G瘠撇负蚀]I@p杉凭讠А,1.00,TwγV方既氨B锣珊蚀]Iぇq代
2019-07-31T01:00:00,P501,G瘠撇负蚀]I@p杉凭讠А,32.00,タ`逼穸q代
2019-07-31T01:00:00,P601,G瘠撇负蚀]I@p杉凭讠А,34.00,タ`逼穸q代
2019-07-31T01:00:00,P701,G瘠撇负蚀]I@p杉凭讠А,35.00,タ`逼穸q代
2019-07-31T01:00:00,P801,G瘠撇负蚀]I@p杉凭讠А,36.00,タ`逼穸q代
2019-07-31T01:00:00,P011,癞鸷蚀]I@p杉凭讠А,4.80,タ`逼穸q代
2019-07-31T01:00:00,P021,癞鸷蚀]I@p杉凭讠А,4.80,タ`逼穸q代
2019-07-31T01:00:00,P101,癞鸷蚀]I@p杉凭讠А,5.20,タ`逼穸q代
2019-07-31T01:00:00,P201,癞鸷蚀]I@p杉凭讠А,5.70,タ`逼穸q代
2019-07-31T01:00:00,P301,癞鸷蚀]I@p杉凭讠А,4.20,タ`逼穸q代
2019-07-31T01:00:00,P401,癞鸷蚀]I@p杉凭讠А,22.60,TwγV方既氨B锣珊蚀]Iぇq代
2019-07-31T01:00:00,P501,癞鸷蚀]I@p杉凭讠А,4.90,タ`逼穸q代
2019-07-31T01:00:00,P601,癞鸷蚀]I@p杉凭讠А,3.90,タ`逼穸q代
2019-07-31T01:00:00,P701,癞鸷蚀]I@p杉凭讠А,3.60,タ`逼穸q代
2019-07-31T01:00:00,P801,癞鸷蚀]I@p杉凭讠А,4.70,タ`逼穸q代
2019-07-31T01:00:00,P011,逼瘳yv菏代]I@p杉凭讠А,1841932.00,タ`逼穸q代
2019-07-31T01:00:00,P021,逼瘳yv菏代]I@p杉凭讠А,1861267.00,タ`逼穸q代
2019-07-31T01:00:00,P101,逼瘳yv菏代]I@p杉凭讠А,1995809.00,タ`逼穸q代
2019-07-31T01:00:00,P201,逼瘳yv菏代]I@p杉凭讠А,1904936.00,タ`逼穸q代
2019-07-31T01:00:00,P301,逼瘳yv菏代]I@p杉凭讠А,1692330.00,タ`逼穸q代
2019-07-31T01:00:00,P401,逼瘳yv菏代]I@p杉凭讠А,122734.00,TwγV方既氨B锣珊蚀]Iぇq代
2019-07-31T01:00:00,P501,逼瘳yv菏代]I@p杉凭讠А,1778353.00,タ`逼穸q代
2019-07-31T01:00:00,P601,逼瘳yv菏代]I@p杉凭讠А,1706269.00,タ`逼穸q代
2019-07-31T01:00:00,P701,逼瘳yv菏代]I@p杉凭讠А,1806650.00,タ`逼穸q代
2019-07-31T01:00:00,P801,逼瘳yv菏代]I@p杉凭讠А,2001556.00,タ`逼穸q代
2019-07-31T01:00:00,P011,瘁瘠篇菏代]I@p杉凭讠А,40.00,タ`逼穸q代
2019-07-31T01:00:00,P021,瘁瘠篇菏代]I@p杉凭讠А,37.00,タ`逼穸q代
2019-07-31T01:00:00,P101,瘁瘠篇菏代]I@p杉凭讠А,28.00,タ`逼穸q代
2019-07-31T01:00:00,P201,瘁瘠篇菏代]I@p杉凭讠А,31.00,タ`逼穸q代
2019-07-31T01:00:00,P301,瘁瘠篇菏代]I@p杉凭讠А,43.00,タ`逼穸q代
2019-07-31T01:00:00,P401,瘁瘠篇菏代]I@p杉凭讠А,1.00,TwγV方既氨B锣珊蚀]Iぇq代
2019-07-31T01:00:00,P501,瘁瘠篇菏代]I@p杉凭讠А,42.00,タ`逼穸q代
2019-07-31T01:00:00,P601,瘁瘠篇菏代]I@p杉凭讠А,54.00,タ`逼穸q代
2019-07-31T01:00:00,P701,瘁瘠篇菏代]I@p杉凭讠А,42.00,タ`逼穸q代
2019-07-31T01:00:00,P801,瘁瘠篇菏代]I@p杉凭讠А,43.00,タ`逼穸q代
2019-07-31T01:00:00,P011,放缀蚀]I@p杉凭讠А,104.00,タ`逼穸q代
2019-07-31T01:00:00,P021,放缀蚀]I@p杉凭讠А,110.00,タ`逼穸q代
2019-07-31T01:00:00,P101,放缀蚀]I@p杉凭讠А,103.00,タ`逼穸q代
2019-07-31T01:00:00,P201,放缀蚀]I@p杉凭讠А,94.00,タ`逼穸q代
2019-07-31T01:00:00,P301,放缀蚀]I@p杉凭讠А,103.00,タ`逼穸q代
2019-07-31T01:00:00,P401,放缀蚀]I@p杉凭讠А,30.00,TwγV方既氨B锣珊蚀]Iぇq代
2019-07-31T01:00:00,P501,放缀蚀]I@p杉凭讠А,107.00,タ`逼穸q代
2019-07-31T01:00:00,P601,放缀蚀]I@p杉凭讠А,102.00,タ`逼穸q代
2019-07-31T01:00:00,P701,放缀蚀]I@p杉凭讠А,106.00,タ`逼穸q代
2019-07-31T01:00:00,P801,放缀蚀]I@p杉凭讠А,106.00,タ`逼穸q代
2019-07-31T02:00:00,P011,G瘠撇负蚀]I@p杉凭讠А,22.00,タ`逼穸q代
2019-07-31T02:00:00,P021,G瘠撇负蚀]I@p杉凭讠А,24.00,タ`逼穸q代
2019-07-31T02:00:00,P101,G瘠撇负蚀]I@p杉凭讠А,23.00,タ`逼穸q代
2019-07-31T02:00:00,P201,G瘠撇负蚀]I@p杉凭讠А,10.00,タ`逼穸q代
2019-07-31T02:00:00,P301,G瘠撇负蚀]I@p杉凭讠А,8.00,タ`逼穸q代
2019-07-31T02:00:00,P401,G瘠撇负蚀]I@p杉凭讠А,1.00,TwγV方既氨B锣珊蚀]Iぇq代
2019-07-31T02:00:00,P501,G瘠撇负蚀]I@p杉凭讠А,36.00,タ`逼穸q代
2019-07-31T02:00:00,P601,G瘠撇负蚀]I@p杉凭讠А,37.00,タ`逼穸q代
2019-07-31T02:00:00,P701,G瘠撇负蚀]I@p杉凭讠А,36.00,タ`逼穸q代
2019-07-31T02:00:00,P801,G瘠撇负蚀]I@p杉凭讠А,37.00,タ`逼穸q代
2019-07-31T02:00:00,P011,癞鸷蚀]I@p杉凭讠А,4.80,タ`逼穸q代
2019-07-31T02:00:00,P021,癞鸷蚀]I@p杉凭讠А,4.80,タ`逼穸q代
2019-07-31T02:00:00,P101,癞鸷蚀]I@p杉凭讠А,5.00,タ`逼穸q代
2019-07-31T02:00:00,P201,癞鸷蚀]I@p杉凭讠А,5.70,タ`逼穸q代
2019-07-31T02:00:00,P301,癞鸷蚀]I@p杉凭讠А,4.50,タ`逼穸q代
2019-07-31T02:00:00,P401,癞鸷蚀]I@p杉凭讠А,22.60,TwγV方既氨B锣珊蚀]Iぇq代
2019-07-31T02:00:00,P501,癞鸷蚀]I@p杉凭讠А,4.80,タ`逼穸q代
2019-07-31T02:00:00,P601,癞鸷蚀]I@p杉凭讠А,3.90,タ`逼穸q代
2019-07-31T02:00:00,P701,癞鸷蚀]I@p杉凭讠А,3.60,タ`逼穸q代
2019-07-31T02:00:00,P801,癞鸷蚀]I@p杉凭讠А,4.70,タ`逼穸q代
2019-07-31T02:00:00,P011,逼瘳yv菏代]I@p杉凭讠А,1848406.00,タ`逼穸q代
2019-07-31T02:00:00,P021,逼瘳yv菏代]I@p杉凭讠А,1870865.00,タ`逼穸q代
2019-07-31T02:00:00,P101,逼瘳yv菏代]I@p杉凭讠А,2009636.00,タ`逼穸q代
2019-07-31T02:00:00,P201,逼瘳yv菏代]I@p杉凭讠А,1924493.00,タ`逼穸q代
2019-07-31T02:00:00,P301,逼瘳yv菏代]I@p杉凭讠А,1661572.00,タ`逼穸q代
2019-07-31T02:00:00,P401,逼瘳yv菏代]I@p杉凭讠А,119828.00,TwγV方既氨B锣珊蚀]Iぇq代
2019-07-31T02:00:00,P501,逼瘳yv菏代]I@p杉凭讠А,1781669.00,タ`逼穸q代
2019-07-31T02:00:00,P601,逼瘳yv菏代]I@p杉凭讠А,1711353.00,タ`逼穸q代
2019-07-31T02:00:00,P701,逼瘳yv菏代]I@p杉凭讠А,1802364.00,タ`逼穸q代
2019-07-31T02:00:00,P801,逼瘳yv菏代]I@p杉凭讠А,1989236.00,タ`逼穸q代
2019-07-31T02:00:00,P011,瘁瘠篇菏代]I@p杉凭讠А,39.00,タ`逼穸q代
2019-07-31T02:00:00,P021,瘁瘠篇菏代]I@p杉凭讠А,38.00,タ`逼穸q代
2019-07-31T02:00:00,P101,瘁瘠篇菏代]I@p杉凭讠А,27.00,タ`逼穸q代
2019-07-31T02:00:00,P201,瘁瘠篇菏代]I@p杉凭讠А,31.00,タ`逼穸q代
2019-07-31T02:00:00,P301,瘁瘠篇菏代]I@p杉凭讠А,41.00,タ`逼穸q代
2019-07-31T02:00:00,P401,瘁瘠篇菏代]I@p杉凭讠А,1.00,TwγV方既氨B锣珊蚀]Iぇq代
2019-07-31T02:00:00,P501,瘁瘠篇菏代]I@p杉凭讠А,42.00,タ`逼穸q代
2019-07-31T02:00:00,P601,瘁瘠篇菏代]I@p杉凭讠А,54.00,タ`逼穸q代
2019-07-31T02:00:00,P701,瘁瘠篇菏代]I@p杉凭讠А,42.00,タ`逼穸q代
2019-07-31T02:00:00,P801,瘁瘠篇菏代]I@p杉凭讠А,42.00,タ`逼穸q代
2019-07-31T02:00:00,P011,放缀蚀]I@p杉凭讠А,103.00,タ`逼穸q代
2019-07-31T02:00:00,P021,放缀蚀]I@p杉凭讠А,111.00,タ`逼穸q代
2019-07-31T02:00:00,P101,放缀蚀]I@p杉凭讠А,102.00,タ`逼穸q代
2019-07-31T02:00:00,P201,放缀蚀]I@p杉凭讠А,93.00,タ`逼穸q代
2019-07-31T02:00:00,P301,放缀蚀]I@p杉凭讠А,103.00,タ`逼穸q代
2019-07-31T02:00:00,P401,放缀蚀]I@p杉凭讠А,30.00,TwγV方既氨B锣珊蚀]Iぇq代
2019-07-31T02:00:00,P501,放缀蚀]I@p杉凭讠А,107.00,タ`逼穸q代
2019-07-31T02:00:00,P601,放缀蚀]I@p杉凭讠А,101.00,タ`逼穸q代
2019-07-31T02:00:00,P701,放缀蚀]I@p杉凭讠А,106.00,タ`逼穸q代
2019-07-31T02:00:00,P801,放缀蚀]I@p杉凭讠А,106.00,タ`逼穸q代
2019-07-31T03:00:00,P011,G瘠撇负蚀]I@p杉凭讠А,20.00,タ`逼穸q代
2019-07-31T03:00:00,P021,G瘠撇负蚀]I@p杉凭讠А,24.00,タ`逼穸q代
2019-07-31T03:00:00,P101,G瘠撇负蚀]I@p杉凭讠А,22.00,タ`逼穸q代
2019-07-31T03:00:00,P201,G瘠撇负蚀]I@p杉凭讠А,8.00,タ`逼穸q代
2019-07-31T03:00:00,P301,G瘠撇负蚀]I@p杉凭讠А,8.00,タ`逼穸q代
2019-07-31T03:00:00,P401,G瘠撇负蚀]I@p杉凭讠А,1.00,TwγV方既氨B锣珊蚀]Iぇq代
2019-07-31T03:00:00,P501,G瘠撇负蚀]I@p杉凭讠А,39.00,タ`逼穸q代
2019-07-31T03:00:00,P601,G瘠撇负蚀]I@p杉凭讠А,35.00,タ`逼穸q代
2019-07-31T03:00:00,P701,G瘠撇负蚀]I@p杉凭讠А,34.00,タ`逼穸q代
2019-07-31T03:00:00,P801,G瘠撇负蚀]I@p杉凭讠А,33.00,タ`逼穸q代
2019-07-31T03:00:00,P011,癞鸷蚀]I@p杉凭讠А,4.80,タ`逼穸q代
2019-07-31T03:00:00,P021,癞鸷蚀]I@p杉凭讠А,4.80,タ`逼穸q代
2019-07-31T03:00:00,P101,癞鸷蚀]I@p杉凭讠А,5.10,タ`逼穸q代
2019-07-31T03:00:00,P201,癞鸷蚀]I@p杉凭讠А,5.70,タ`逼穸q代
2019-07-31T03:00:00,P301,癞鸷蚀]I@p杉凭讠А,4.80,タ`逼穸q代
2019-07-31T03:00:00,P401,癞鸷蚀]I@p杉凭讠А,22.60,TwγV方既氨B锣珊蚀]Iぇq代
2019-07-31T03:00:00,P501,癞鸷蚀]I@p杉凭讠А,4.80,タ`逼穸q代
2019-07-31T03:00:00,P601,癞鸷蚀]I@p杉凭讠А,3.90,タ`逼穸q代
2019-07-31T03:00:00,P701,癞鸷蚀]I@p杉凭讠А,3.60,タ`逼穸q代
2019-07-31T03:00:00,P801,癞鸷蚀]I@p杉凭讠А,4.70,タ`逼穸q代
2019-07-31T03:00:00,P011,逼瘳yv菏代]I@p杉凭讠А,1845950.00,タ`逼穸q代
2019-07-31T03:00:00,P021,逼瘳yv菏代]I@p杉凭讠А,1863248.00,タ`逼穸q代
2019-07-31T03:00:00,P101,逼瘳yv菏代]I@p杉凭讠А,1994301.00,タ`逼穸q代
2019-07-31T03:00:00,P201,逼瘳yv菏代]I@p杉凭讠А,1929401.00,タ`逼穸q代
2019-07-31T03:00:00,P301,逼瘳yv菏代]I@p杉凭讠А,1642933.00,タ`逼穸q代
2019-07-31T03:00:00,P401,逼瘳yv菏代]I@p杉凭讠А,120244.00,TwγV方既氨B锣珊蚀]Iぇq代
2019-07-31T03:00:00,P501,逼瘳yv菏代]I@p杉凭讠А,1778823.00,タ`逼穸q代
2019-07-31T03:00:00,P601,逼瘳yv菏代]I@p杉凭讠А,1708440.00,タ`逼穸q代
2019-07-31T03:00:00,P701,逼瘳yv菏代]I@p杉凭讠А,1803601.00,タ`逼穸q代
2019-07-31T03:00:00,P801,逼瘳yv菏代]I@p杉凭讠А,1987389.00,タ`逼穸q代
2019-07-31T03:00:00,P011,瘁瘠篇菏代]I@p杉凭讠А,40.00,タ`逼穸q代
2019-07-31T03:00:00,P021,瘁瘠篇菏代]I@p杉凭讠А,38.00,タ`逼穸q代
2019-07-31T03:00:00,P101,瘁瘠篇菏代]I@p杉凭讠А,29.00,タ`逼穸q代
2019-07-31T03:00:00,P201,瘁瘠篇菏代]I@p杉凭讠А,32.00,タ`逼穸q代
2019-07-31T03:00:00,P301,瘁瘠篇菏代]I@p杉凭讠А,41.00,タ`逼穸q代
2019-07-31T03:00:00,P401,瘁瘠篇菏代]I@p杉凭讠А,1.00,TwγV方既氨B锣珊蚀]Iぇq代
2019-07-31T03:00:00,P501,瘁瘠篇菏代]I@p杉凭讠А,42.00,タ`逼穸q代
2019-07-31T03:00:00,P601,瘁瘠篇菏代]I@p杉凭讠А,53.00,タ`逼穸q代
2019-07-31T03:00:00,P701,瘁瘠篇菏代]I@p杉凭讠А,42.00,タ`逼穸q代
2019-07-31T03:00:00,P801,瘁瘠篇菏代]I@p杉凭讠А,42.00,タ`逼穸q代
2019-07-31T03:00:00,P011,放缀蚀]I@p杉凭讠А,103.00,タ`逼穸q代
2019-07-31T03:00:00,P021,放缀蚀]I@p杉凭讠А,111.00,タ`逼穸q代
2019-07-31T03:00:00,P101,放缀蚀]I@p杉凭讠А,102.00,タ`逼穸q代
2019-07-31T03:00:00,P201,放缀蚀]I@p杉凭讠А,93.00,タ`逼穸q代
2019-07-31T03:00:00,P301,放缀蚀]I@p杉凭讠А,103.00,タ`逼穸q代
2019-07-31T03:00:00,P401,放缀蚀]I@p杉凭讠А,30.00,TwγV方既氨B锣珊蚀]Iぇq代
2019-07-31T03:00:00,P501,放缀蚀]I@p杉凭讠А,106.00,タ`逼穸q代
2019-07-31T03:00:00,P601,放缀蚀]I@p杉凭讠А,101.00,タ`逼穸q代
2019-07-31T03:00:00,P701,放缀蚀]I@p杉凭讠А,106.00,タ`逼穸q代
2019-07-31T03:00:00,P801,放缀蚀]I@p杉凭讠А,106.00,タ`逼穸q代
2019-07-31T04:00:00,P011,G瘠撇负蚀]I@p杉凭讠А,21.00,タ`逼穸q代
2019-07-31T04:00:00,P021,G瘠撇负蚀]I@p杉凭讠А,23.00,タ`逼穸q代
2019-07-31T04:00:00,P101,G瘠撇负蚀]I@p杉凭讠А,20.00,タ`逼穸q代
2019-07-31T04:00:00,P201,G瘠撇负蚀]I@p杉凭讠А,7.00,タ`逼穸q代
2019-07-31T04:00:00,P301,G瘠撇负蚀]I@p杉凭讠А,8.00,タ`逼穸q代
2019-07-31T04:00:00,P401,G瘠撇负蚀]I@p杉凭讠А,1.00,TwγV方既氨B锣珊蚀]Iぇq代
2019-07-31T04:00:00,P501,G瘠撇负蚀]I@p杉凭讠А,30.00,タ`逼穸q代
2019-07-31T04:00:00,P601,G瘠撇负蚀]I@p杉凭讠А,28.00,タ`逼穸q代
2019-07-31T04:00:00,P701,G瘠撇负蚀]I@p杉凭讠А,33.00,タ`逼穸q代
2019-07-31T04:00:00,P801,G瘠撇负蚀]I@p杉凭讠А,27.00,タ`逼穸q代
2019-07-31T04:00:00,P011,癞鸷蚀]I@p杉凭讠А,4.80,タ`逼穸q代
2019-07-31T04:00:00,P021,癞鸷蚀]I@p杉凭讠А,4.80,タ`逼穸q代
2019-07-31T04:00:00,P101,癞鸷蚀]I@p杉凭讠А,5.30,タ`逼穸q代
2019-07-31T04:00:00,P201,癞鸷蚀]I@p杉凭讠А,5.70,タ`逼穸q代
2019-07-31T04:00:00,P301,癞鸷蚀]I@p杉凭讠А,4.90,タ`逼穸q代
2019-07-31T04:00:00,P401,癞鸷蚀]I@p杉凭讠А,22.60,TwγV方既氨B锣珊蚀]Iぇq代
2019-07-31T04:00:00,P501,癞鸷蚀]I@p杉凭讠А,4.80,タ`逼穸q代
2019-07-31T04:00:00,P601,癞鸷蚀]I@p杉凭讠А,3.90,タ`逼穸q代
2019-07-31T04:00:00,P701,癞鸷蚀]I@p杉凭讠А,3.70,タ`逼穸q代
2019-07-31T04:00:00,P801,癞鸷蚀]I@p杉凭讠А,4.70,タ`逼穸q代
2019-07-31T04:00:00,P011,逼瘳yv菏代]I@p杉凭讠А,1842010.00,タ`逼穸q代
2019-07-31T04:00:00,P021,逼瘳yv菏代]I@p杉凭讠А,1850349.00,タ`逼穸q代
2019-07-31T04:00:00,P101,逼瘳yv菏代]I@p杉凭讠А,1980791.00,タ`逼穸q代
2019-07-31T04:00:00,P201,逼瘳yv菏代]I@p杉凭讠А,1939298.00,タ`逼穸q代
2019-07-31T04:00:00,P301,逼瘳yv菏代]I@p杉凭讠А,1648436.00,タ`逼穸q代
2019-07-31T04:00:00,P401,逼瘳yv菏代]I@p杉凭讠А,119853.00,TwγV方既氨B锣珊蚀]Iぇq代
2019-07-31T04:00:00,P501,逼瘳yv菏代]I@p杉凭讠А,1778608.00,タ`逼穸q代
2019-07-31T04:00:00,P601,逼瘳yv菏代]I@p杉凭讠А,1709485.00,タ`逼穸q代
2019-07-31T04:00:00,P701,逼瘳yv菏代]I@p杉凭讠А,1798638.00,タ`逼穸q代
2019-07-31T04:00:00,P801,逼瘳yv菏代]I@p杉凭讠А,1994479.00,タ`逼穸q代
2019-07-31T04:00:00,P011,瘁瘠篇菏代]I@p杉凭讠А,40.00,タ`逼穸q代
2019-07-31T04:00:00,P021,瘁瘠篇菏代]I@p杉凭讠А,37.00,タ`逼穸q代
2019-07-31T04:00:00,P101,瘁瘠篇菏代]I@p杉凭讠А,30.00,タ`逼穸q代
2019-07-31T04:00:00,P201,瘁瘠篇菏代]I@p杉凭讠А,31.00,タ`逼穸q代
2019-07-31T04:00:00,P301,瘁瘠篇菏代]I@p杉凭讠А,40.00,タ`逼穸q代
2019-07-31T04:00:00,P401,瘁瘠篇菏代]I@p杉凭讠А,1.00,TwγV方既氨B锣珊蚀]Iぇq代
2019-07-31T04:00:00,P501,瘁瘠篇菏代]I@p杉凭讠А,42.00,タ`逼穸q代
2019-07-31T04:00:00,P601,瘁瘠篇菏代]I@p杉凭讠А,53.00,タ`逼穸q代
2019-07-31T04:00:00,P701,瘁瘠篇菏代]I@p杉凭讠А,42.00,タ`逼穸q代
2019-07-31T04:00:00,P801,瘁瘠篇菏代]I@p杉凭讠А,40.00,タ`逼穸q代
2019-07-31T04:00:00,P011,放缀蚀]I@p杉凭讠А,102.00,タ`逼穸q代
2019-07-31T04:00:00,P021,放缀蚀]I@p杉凭讠А,111.00,タ`逼穸q代
2019-07-31T04:00:00,P101,放缀蚀]I@p杉凭讠А,101.00,タ`逼穸q代
2019-07-31T04:00:00,P201,放缀蚀]I@p杉凭讠А,93.00,タ`逼穸q代
2019-07-31T04:00:00,P301,放缀蚀]I@p杉凭讠А,103.00,タ`逼穸q代
2019-07-31T04:00:00,P401,放缀蚀]I@p杉凭讠А,30.00,TwγV方既氨B锣珊蚀]Iぇq代
2019-07-31T04:00:00,P501,放缀蚀]I@p杉凭讠А,107.00,タ`逼穸q代
2019-07-31T04:00:00,P601,放缀蚀]I@p杉凭讠А,101.00,タ`逼穸q代
2019-07-31T04:00:00,P701,放缀蚀]I@p杉凭讠А,106.00,タ`逼穸q代
2019-07-31T04:00:00,P801,放缀蚀]I@p杉凭讠А,106.00,タ`逼穸q代
2019-07-31T05:00:00,P011,G瘠撇负蚀]I@p杉凭讠А,19.00,タ`逼穸q代
2019-07-31T05:00:00,P021,G瘠撇负蚀]I@p杉凭讠А,22.00,タ`逼穸q代
2019-07-31T05:00:00,P101,G瘠撇负蚀]I@p杉凭讠А,18.00,タ`逼穸q代
2019-07-31T05:00:00,P201,G瘠撇负蚀]I@p杉凭讠А,6.00,タ`逼穸q代
2019-07-31T05:00:00,P301,G瘠撇负蚀]I@p杉凭讠А,7.00,タ`逼穸q代
2019-07-31T05:00:00,P401,G瘠撇负蚀]I@p杉凭讠А,2.00,TwγV方既氨B锣珊蚀]Iぇq代
2019-07-31T05:00:00,P501,G瘠撇负蚀]I@p杉凭讠А,32.00,タ`逼穸q代
2019-07-31T05:00:00,P601,G瘠撇负蚀]I@p杉凭讠А,29.00,タ`逼穸q代
2019-07-31T05:00:00,P701,G瘠撇负蚀]I@p杉凭讠А,29.00,タ`逼穸q代
2019-07-31T05:00:00,P801,G瘠撇负蚀]I@p杉凭讠А,30.00,タ`逼穸q代
2019-07-31T05:00:00,P011,癞鸷蚀]I@p杉凭讠А,4.80,タ`逼穸q代
2019-07-31T05:00:00,P021,癞鸷蚀]I@p杉凭讠А,4.80,タ`逼穸q代
2019-07-31T05:00:00,P101,癞鸷蚀]I@p杉凭讠А,5.40,タ`逼穸q代
2019-07-31T05:00:00,P201,癞鸷蚀]I@p杉凭讠А,5.80,タ`逼穸q代
2019-07-31T05:00:00,P301,癞鸷蚀]I@p杉凭讠А,4.90,タ`逼穸q代
2019-07-31T05:00:00,P401,癞鸷蚀]I@p杉凭讠А,22.60,TwγV方既氨B锣珊蚀]Iぇq代
2019-07-31T05:00:00,P501,癞鸷蚀]I@p杉凭讠А,4.80,タ`逼穸q代
2019-07-31T05:00:00,P601,癞鸷蚀]I@p杉凭讠А,3.90,タ`逼穸q代
2019-07-31T05:00:00,P701,癞鸷蚀]I@p杉凭讠А,3.70,タ`逼穸q代
2019-07-31T05:00:00,P801,癞鸷蚀]I@p杉凭讠А,4.60,タ`逼穸q代
2019-07-31T05:00:00,P011,逼瘳yv菏代]I@p杉凭讠А,1846771.00,タ`逼穸q代
2019-07-31T05:00:00,P021,逼瘳yv菏代]I@p杉凭讠А,1850471.00,タ`逼穸q代
2019-07-31T05:00:00,P101,逼瘳yv菏代]I@p杉凭讠А,1971829.00,タ`逼穸q代
2019-07-31T05:00:00,P201,逼瘳yv菏代]I@p杉凭讠А,1932544.00,タ`逼穸q代
2019-07-31T05:00:00,P301,逼瘳yv菏代]I@p杉凭讠А,1657851.00,タ`逼穸q代
2019-07-31T05:00:00,P401,逼瘳yv菏代]I@p杉凭讠А,118751.00,TwγV方既氨B锣珊蚀]Iぇq代
2019-07-31T05:00:00,P501,逼瘳yv菏代]I@p杉凭讠А,1782663.00,タ`逼穸q代
2019-07-31T05:00:00,P601,逼瘳yv菏代]I@p杉凭讠А,1711331.00,タ`逼穸q代
2019-07-31T05:00:00,P701,逼瘳yv菏代]I@p杉凭讠А,1803164.00,タ`逼穸q代
2019-07-31T05:00:00,P801,逼瘳yv菏代]I@p杉凭讠А,1995481.00,タ`逼穸q代
2019-07-31T05:00:00,P011,瘁瘠篇菏代]I@p杉凭讠А,40.00,タ`逼穸q代
2019-07-31T05:00:00,P021,瘁瘠篇菏代]I@p杉凭讠А,38.00,タ`逼穸q代
2019-07-31T05:00:00,P101,瘁瘠篇菏代]I@p杉凭讠А,33.00,タ`逼穸q代
2019-07-31T05:00:00,P201,瘁瘠篇菏代]I@p杉凭讠А,31.00,タ`逼穸q代
2019-07-31T05:00:00,P301,瘁瘠篇菏代]I@p杉凭讠А,41.00,タ`逼穸q代
2019-07-31T05:00:00,P401,瘁瘠篇菏代]I@p杉凭讠А,1.00,TwγV方既氨B锣珊蚀]Iぇq代
2019-07-31T05:00:00,P501,瘁瘠篇菏代]I@p杉凭讠А,42.00,タ`逼穸q代
2019-07-31T05:00:00,P601,瘁瘠篇菏代]I@p杉凭讠А,53.00,タ`逼穸q代
2019-07-31T05:00:00,P701,瘁瘠篇菏代]I@p杉凭讠А,41.00,タ`逼穸q代
2019-07-31T05:00:00,P801,瘁瘠篇菏代]I@p杉凭讠А,42.00,タ`逼穸q代
2019-07-31T05:00:00,P011,放缀蚀]I@p杉凭讠А,102.00,タ`逼穸q代
2019-07-31T05:00:00,P021,放缀蚀]I@p杉凭讠А,112.00,タ`逼穸q代
2019-07-31T05:00:00,P101,放缀蚀]I@p杉凭讠А,101.00,タ`逼穸q代
2019-07-31T05:00:00,P201,放缀蚀]I@p杉凭讠А,92.00,タ`逼穸q代
2019-07-31T05:00:00,P301,放缀蚀]I@p杉凭讠А,103.00,タ`逼穸q代
2019-07-31T05:00:00,P401,放缀蚀]I@p杉凭讠А,30.00,TwγV方既氨B锣珊蚀]Iぇq代
2019-07-31T05:00:00,P501,放缀蚀]I@p杉凭讠А,107.00,タ`逼穸q代
2019-07-31T05:00:00,P601,放缀蚀]I@p杉凭讠А,101.00,タ`逼穸q代
2019-07-31T05:00:00,P701,放缀蚀]I@p杉凭讠А,104.00,タ`逼穸q代
2019-07-31T05:00:00,P801,放缀蚀]I@p杉凭讠А,106.00,タ`逼穸q代
2019-07-31T06:00:00,P011,G瘠撇负蚀]I@p杉凭讠А,25.00,タ`逼穸q代
2019-07-31T06:00:00,P021,G瘠撇负蚀]I@p杉凭讠А,20.00,タ`逼穸q代
2019-07-31T06:00:00,P101,G瘠撇负蚀]I@p杉凭讠А,16.00,タ`逼穸q代
2019-07-31T06:00:00,P201,G瘠撇负蚀]I@p杉凭讠А,9.00,タ`逼穸q代
2019-07-31T06:00:00,P301,G瘠撇负蚀]I@p杉凭讠А,8.00,タ`逼穸q代
2019-07-31T06:00:00,P401,G瘠撇负蚀]I@p杉凭讠А,1.00,TwγV方既氨B锣珊蚀]Iぇq代
2019-07-31T06:00:00,P501,G瘠撇负蚀]I@p杉凭讠А,31.00,タ`逼穸q代
2019-07-31T06:00:00,P601,G瘠撇负蚀]I@p杉凭讠А,32.00,タ`逼穸q代
2019-07-31T06:00:00,P701,G瘠撇负蚀]I@p杉凭讠А,29.00,タ`逼穸q代
2019-07-31T06:00:00,P801,G瘠撇负蚀]I@p杉凭讠А,28.00,タ`逼穸q代
2019-07-31T06:00:00,P011,癞鸷蚀]I@p杉凭讠А,4.90,タ`逼穸q代
2019-07-31T06:00:00,P021,癞鸷蚀]I@p杉凭讠А,4.90,タ`逼穸q代
2019-07-31T06:00:00,P101,癞鸷蚀]I@p杉凭讠А,5.40,タ`逼穸q代
2019-07-31T06:00:00,P201,癞鸷蚀]I@p杉凭讠А,5.80,タ`逼穸q代
2019-07-31T06:00:00,P301,癞鸷蚀]I@p杉凭讠А,4.80,タ`逼穸q代
2019-07-31T06:00:00,P401,癞鸷蚀]I@p杉凭讠А,22.60,TwγV方既氨B锣珊蚀]Iぇq代
2019-07-31T06:00:00,P501,癞鸷蚀]I@p杉凭讠А,4.90,タ`逼穸q代
2019-07-31T06:00:00,P601,癞鸷蚀]I@p杉凭讠А,4.20,タ`逼穸q代
2019-07-31T06:00:00,P701,癞鸷蚀]I@p杉凭讠А,3.60,タ`逼穸q代
2019-07-31T06:00:00,P801,癞鸷蚀]I@p杉凭讠А,4.60,タ`逼穸q代
2019-07-31T06:00:00,P011,逼瘳yv菏代]I@p杉凭讠А,1847148.00,タ`逼穸q代
2019-07-31T06:00:00,P021,逼瘳yv菏代]I@p杉凭讠А,1832160.00,タ`逼穸q代
2019-07-31T06:00:00,P101,逼瘳yv菏代]I@p杉凭讠А,1977530.00,タ`逼穸q代
2019-07-31T06:00:00,P201,逼瘳yv菏代]I@p杉凭讠А,1929193.00,タ`逼穸q代
2019-07-31T06:00:00,P301,逼瘳yv菏代]I@p杉凭讠А,1656286.00,タ`逼穸q代
2019-07-31T06:00:00,P401,逼瘳yv菏代]I@p杉凭讠А,116037.00,TwγV方既氨B锣珊蚀]Iぇq代
2019-07-31T06:00:00,P501,逼瘳yv菏代]I@p杉凭讠А,1778236.00,タ`逼穸q代
2019-07-31T06:00:00,P601,逼瘳yv菏代]I@p杉凭讠А,1658295.00,タ`逼穸q代
2019-07-31T06:00:00,P701,逼瘳yv菏代]I@p杉凭讠А,1814025.00,タ`逼穸q代
2019-07-31T06:00:00,P801,逼瘳yv菏代]I@p杉凭讠А,1992234.00,タ`逼穸q代
2019-07-31T06:00:00,P011,瘁瘠篇菏代]I@p杉凭讠А,39.00,タ`逼穸q代
2019-07-31T06:00:00,P021,瘁瘠篇菏代]I@p杉凭讠А,37.00,タ`逼穸q代
2019-07-31T06:00:00,P101,瘁瘠篇菏代]I@p杉凭讠А,31.00,タ`逼穸q代
2019-07-31T06:00:00,P201,瘁瘠篇菏代]I@p杉凭讠А,31.00,タ`逼穸q代
2019-07-31T06:00:00,P301,瘁瘠篇菏代]I@p杉凭讠А,42.00,タ`逼穸q代
2019-07-31T06:00:00,P401,瘁瘠篇菏代]I@p杉凭讠А,1.00,TwγV方既氨B锣珊蚀]Iぇq代
2019-07-31T06:00:00,P501,瘁瘠篇菏代]I@p杉凭讠А,42.00,タ`逼穸q代
2019-07-31T06:00:00,P601,瘁瘠篇菏代]I@p杉凭讠А,52.00,タ`逼穸q代
2019-07-31T06:00:00,P701,瘁瘠篇菏代]I@p杉凭讠А,43.00,タ`逼穸q代
2019-07-31T06:00:00,P801,瘁瘠篇菏代]I@p杉凭讠А,42.00,タ`逼穸q代
2019-07-31T06:00:00,P011,放缀蚀]I@p杉凭讠А,102.00,タ`逼穸q代
2019-07-31T06:00:00,P021,放缀蚀]I@p杉凭讠А,112.00,タ`逼穸q代
2019-07-31T06:00:00,P101,放缀蚀]I@p杉凭讠А,101.00,タ`逼穸q代
2019-07-31T06:00:00,P201,放缀蚀]I@p杉凭讠А,92.00,タ`逼穸q代
2019-07-31T06:00:00,P301,放缀蚀]I@p杉凭讠А,103.00,タ`逼穸q代
2019-07-31T06:00:00,P401,放缀蚀]I@p杉凭讠А,30.00,TwγV方既氨B锣珊蚀]Iぇq代
2019-07-31T06:00:00,P501,放缀蚀]I@p杉凭讠А,107.00,タ`逼穸q代
2019-07-31T06:00:00,P601,放缀蚀]I@p杉凭讠А,101.00,タ`逼穸q代
2019-07-31T06:00:00,P701,放缀蚀]I@p杉凭讠А,102.00,タ`逼穸q代
2019-07-31T06:00:00,P801,放缀蚀]I@p杉凭讠А,105.00,タ`逼穸q代
2019-07-31T07:00:00,P011,G瘠撇负蚀]I@p杉凭讠А,28.00,タ`逼穸q代
2019-07-31T07:00:00,P021,G瘠撇负蚀]I@p杉凭讠А,26.00,タ`逼穸q代
2019-07-31T07:00:00,P101,G瘠撇负蚀]I@p杉凭讠А,14.00,タ`逼穸q代
2019-07-31T07:00:00,P201,G瘠撇负蚀]I@p杉凭讠А,21.00,タ`逼穸q代
2019-07-31T07:00:00,P301,G瘠撇负蚀]I@p杉凭讠А,7.00,タ`逼穸q代
2019-07-31T07:00:00,P401,G瘠撇负蚀]I@p杉凭讠А,6.00,TwγV方既氨B锣珊蚀]Iぇq代
2019-07-31T07:00:00,P501,G瘠撇负蚀]I@p杉凭讠А,36.00,タ`逼穸q代
2019-07-31T07:00:00,P601,G瘠撇负蚀]I@p杉凭讠А,45.00,タ`逼穸q代
2019-07-31T07:00:00,P701,G瘠撇负蚀]I@p杉凭讠А,28.00,タ`逼穸q代
2019-07-31T07:00:00,P801,G瘠撇负蚀]I@p杉凭讠А,27.00,タ`逼穸q代
2019-07-31T07:00:00,P011,癞鸷蚀]I@p杉凭讠А,4.90,タ`逼穸q代
2019-07-31T07:00:00,P021,癞鸷蚀]I@p杉凭讠А,4.90,タ`逼穸q代
2019-07-31T07:00:00,P101,癞鸷蚀]I@p杉凭讠А,5.40,タ`逼穸q代
2019-07-31T07:00:00,P201,癞鸷蚀]I@p杉凭讠А,5.80,タ`逼穸q代
2019-07-31T07:00:00,P301,癞鸷蚀]I@p杉凭讠А,4.80,タ`逼穸q代
2019-07-31T07:00:00,P401,癞鸷蚀]I@p杉凭讠А,21.10,TwγV方既氨B锣珊蚀]Iぇq代
2019-07-31T07:00:00,P501,癞鸷蚀]I@p杉凭讠А,4.80,タ`逼穸q代
2019-07-31T07:00:00,P601,癞鸷蚀]I@p杉凭讠А,4.20,タ`逼穸q代
2019-07-31T07:00:00,P701,癞鸷蚀]I@p杉凭讠А,3.60,タ`逼穸q代
2019-07-31T07:00:00,P801,癞鸷蚀]I@p杉凭讠А,4.70,タ`逼穸q代
2019-07-31T07:00:00,P011,逼瘳yv菏代]I@p杉凭讠А,1841413.00,タ`逼穸q代
2019-07-31T07:00:00,P021,逼瘳yv菏代]I@p杉凭讠А,1831860.00,タ`逼穸q代
2019-07-31T07:00:00,P101,逼瘳yv菏代]I@p杉凭讠А,1971164.00,タ`逼穸q代
2019-07-31T07:00:00,P201,逼瘳yv菏代]I@p杉凭讠А,1927914.00,タ`逼穸q代
2019-07-31T07:00:00,P301,逼瘳yv菏代]I@p杉凭讠А,1660543.00,タ`逼穸q代
2019-07-31T07:00:00,P401,逼瘳yv菏代]I@p杉凭讠А,213991.00,TwγV方既氨B锣珊蚀]Iぇq代
2019-07-31T07:00:00,P501,逼瘳yv菏代]I@p杉凭讠А,1790142.00,タ`逼穸q代
2019-07-31T07:00:00,P601,逼瘳yv菏代]I@p杉凭讠А,1712816.00,タ`逼穸q代
2019-07-31T07:00:00,P701,逼瘳yv菏代]I@p杉凭讠А,1826672.00,タ`逼穸q代
2019-07-31T07:00:00,P801,逼瘳yv菏代]I@p杉凭讠А,1995613.00,タ`逼穸q代
2019-07-31T07:00:00,P011,瘁瘠篇菏代]I@p杉凭讠А,40.00,タ`逼穸q代
2019-07-31T07:00:00,P021,瘁瘠篇菏代]I@p杉凭讠А,38.00,タ`逼穸q代
2019-07-31T07:00:00,P101,瘁瘠篇菏代]I@p杉凭讠А,30.00,タ`逼穸q代
2019-07-31T07:00:00,P201,瘁瘠篇菏代]I@p杉凭讠А,31.00,タ`逼穸q代
2019-07-31T07:00:00,P301,瘁瘠篇菏代]I@p杉凭讠А,41.00,タ`逼穸q代
2019-07-31T07:00:00,P401,瘁瘠篇菏代]I@p杉凭讠А,5.00,TwγV方既氨B锣珊蚀]Iぇq代
2019-07-31T07:00:00,P501,瘁瘠篇菏代]I@p杉凭讠А,43.00,タ`逼穸q代
2019-07-31T07:00:00,P601,瘁瘠篇菏代]I@p杉凭讠А,54.00,タ`逼穸q代
2019-07-31T07:00:00,P701,瘁瘠篇菏代]I@p杉凭讠А,43.00,タ`逼穸q代
2019-07-31T07:00:00,P801,瘁瘠篇菏代]I@p杉凭讠А,42.00,タ`逼穸q代
2019-07-31T07:00:00,P011,放缀蚀]I@p杉凭讠А,102.00,タ`逼穸q代
2019-07-31T07:00:00,P021,放缀蚀]I@p杉凭讠А,112.00,タ`逼穸q代
2019-07-31T07:00:00,P101,放缀蚀]I@p杉凭讠А,101.00,タ`逼穸q代
2019-07-31T07:00:00,P201,放缀蚀]I@p杉凭讠А,92.00,タ`逼穸q代
2019-07-31T07:00:00,P301,放缀蚀]I@p杉凭讠А,103.00,タ`逼穸q代
2019-07-31T07:00:00,P401,放缀蚀]I@p杉凭讠А,29.00,TwγV方既氨B锣珊蚀]Iぇq代
2019-07-31T07:00:00,P501,放缀蚀]I@p杉凭讠А,106.00,タ`逼穸q代
2019-07-31T07:00:00,P601,放缀蚀]I@p杉凭讠А,101.00,タ`逼穸q代
2019-07-31T07:00:00,P701,放缀蚀]I@p杉凭讠А,106.00,タ`逼穸q代
2019-07-31T07:00:00,P801,放缀蚀]I@p杉凭讠А,106.00,タ`逼穸q代
2019-07-31T08:00:00,P011,G瘠撇负蚀]I@p杉凭讠А,25.00,タ`逼穸q代
2019-07-31T08:00:00,P021,G瘠撇负蚀]I@p杉凭讠А,30.00,タ`逼穸q代
2019-07-31T08:00:00,P101,G瘠撇负蚀]I@p杉凭讠А,15.00,タ`逼穸q代
2019-07-31T08:00:00,P201,G瘠撇负蚀]I@p杉凭讠А,22.00,タ`逼穸q代
2019-07-31T08:00:00,P301,G瘠撇负蚀]I@p杉凭讠А,7.00,タ`逼穸q代
2019-07-31T08:00:00,P401,G瘠撇负蚀]I@p杉凭讠А,2.00,TwγV方既氨B锣珊蚀]Iぇq代
2019-07-31T08:00:00,P501,G瘠撇负蚀]I@p杉凭讠А,29.00,タ`逼穸q代
2019-07-31T08:00:00,P601,G瘠撇负蚀]I@p杉凭讠А,33.00,タ`逼穸q代
2019-07-31T08:00:00,P701,G瘠撇负蚀]I@p杉凭讠А,29.00,タ`逼穸q代
2019-07-31T08:00:00,P801,G瘠撇负蚀]I@p杉凭讠А,34.00,タ`逼穸q代
2019-07-31T08:00:00,P011,癞鸷蚀]I@p杉凭讠А,4.80,タ`逼穸q代
2019-07-31T08:00:00,P021,癞鸷蚀]I@p杉凭讠А,5.00,タ`逼穸q代
2019-07-31T08:00:00,P101,癞鸷蚀]I@p杉凭讠А,5.40,タ`逼穸q代
2019-07-31T08:00:00,P201,癞鸷蚀]I@p杉凭讠А,5.70,タ`逼穸q代
2019-07-31T08:00:00,P301,癞鸷蚀]I@p杉凭讠А,5.50,タ`逼穸q代
2019-07-31T08:00:00,P401,癞鸷蚀]I@p杉凭讠А,22.50,TwγV方既氨B锣珊蚀]Iぇq代
2019-07-31T08:00:00,P501,癞鸷蚀]I@p杉凭讠А,4.80,タ`逼穸q代
2019-07-31T08:00:00,P601,癞鸷蚀]I@p杉凭讠А,4.10,タ`逼穸q代
2019-07-31T08:00:00,P701,癞鸷蚀]I@p杉凭讠А,3.60,タ`逼穸q代
2019-07-31T08:00:00,P801,癞鸷蚀]I@p杉凭讠А,4.60,タ`逼穸q代
2019-07-31T08:00:00,P011,逼瘳yv菏代]I@p杉凭讠А,1845073.00,タ`逼穸q代
2019-07-31T08:00:00,P021,逼瘳yv菏代]I@p杉凭讠А,1847545.00,タ`逼穸q代
2019-07-31T08:00:00,P101,逼瘳yv菏代]I@p杉凭讠А,1962998.00,タ`逼穸q代
2019-07-31T08:00:00,P201,逼瘳yv菏代]I@p杉凭讠А,1949018.00,タ`逼穸q代
2019-07-31T08:00:00,P301,逼瘳yv菏代]I@p杉凭讠А,1650009.00,タ`逼穸q代
2019-07-31T08:00:00,P401,逼瘳yv菏代]I@p杉凭讠А,96294.00,TwγV方既氨B锣珊蚀]Iぇq代
2019-07-31T08:00:00,P501,逼瘳yv菏代]I@p杉凭讠А,1782004.00,タ`逼穸q代
2019-07-31T08:00:00,P601,逼瘳yv菏代]I@p杉凭讠А,1715923.00,タ`逼穸q代
2019-07-31T08:00:00,P701,逼瘳yv菏代]I@p杉凭讠А,1829902.00,タ`逼穸q代
2019-07-31T08:00:00,P801,逼瘳yv菏代]I@p杉凭讠А,1991161.00,タ`逼穸q代
2019-07-31T08:00:00,P011,瘁瘠篇菏代]I@p杉凭讠А,38.00,タ`逼穸q代
2019-07-31T08:00:00,P021,瘁瘠篇菏代]I@p杉凭讠А,39.00,タ`逼穸q代
2019-07-31T08:00:00,P101,瘁瘠篇菏代]I@p杉凭讠А,30.00,タ`逼穸q代
2019-07-31T08:00:00,P201,瘁瘠篇菏代]I@p杉凭讠А,30.00,タ`逼穸q代
2019-07-31T08:00:00,P301,瘁瘠篇菏代]I@p杉凭讠А,42.00,タ`逼穸q代
2019-07-31T08:00:00,P401,瘁瘠篇菏代]I@p杉凭讠А,1.00,TwγV方既氨B锣珊蚀]Iぇq代
2019-07-31T08:00:00,P501,瘁瘠篇菏代]I@p杉凭讠А,43.00,タ`逼穸q代
2019-07-31T08:00:00,P601,瘁瘠篇菏代]I@p杉凭讠А,53.00,タ`逼穸q代
2019-07-31T08:00:00,P701,瘁瘠篇菏代]I@p杉凭讠А,43.00,タ`逼穸q代
2019-07-31T08:00:00,P801,瘁瘠篇菏代]I@p杉凭讠А,42.00,タ`逼穸q代
2019-07-31T08:00:00,P011,放缀蚀]I@p杉凭讠А,102.00,タ`逼穸q代
2019-07-31T08:00:00,P021,放缀蚀]I@p杉凭讠А,112.00,タ`逼穸q代
2019-07-31T08:00:00,P101,放缀蚀]I@p杉凭讠А,102.00,タ`逼穸q代
2019-07-31T08:00:00,P201,放缀蚀]I@p杉凭讠А,89.00,タ`逼穸q代
2019-07-31T08:00:00,P301,放缀蚀]I@p杉凭讠А,102.00,タ`逼穸q代
2019-07-31T08:00:00,P401,放缀蚀]I@p杉凭讠А,29.00,TwγV方既氨B锣珊蚀]Iぇq代
2019-07-31T08:00:00,P501,放缀蚀]I@p杉凭讠А,103.00,タ`逼穸q代
2019-07-31T08:00:00,P601,放缀蚀]I@p杉凭讠А,101.00,タ`逼穸q代
2019-07-31T08:00:00,P701,放缀蚀]I@p杉凭讠А,104.00,タ`逼穸q代
2019-07-31T08:00:00,P801,放缀蚀]I@p杉凭讠А,106.00,タ`逼穸q代
2019-07-31T09:00:00,P011,G瘠撇负蚀]I@p杉凭讠А,26.00,タ`逼穸q代
2019-07-31T09:00:00,P021,G瘠撇负蚀]I@p杉凭讠А,27.00,タ`逼穸q代
2019-07-31T09:00:00,P101,G瘠撇负蚀]I@p杉凭讠А,16.00,タ`逼穸q代
2019-07-31T09:00:00,P201,G瘠撇负蚀]I@p杉凭讠А,23.00,タ`逼穸q代
2019-07-31T09:00:00,P301,G瘠撇负蚀]I@p杉凭讠А,6.00,タ`逼穸q代
2019-07-31T09:00:00,P401,G瘠撇负蚀]I@p杉凭讠А,2.00,TwγV方既氨B锣珊蚀]Iぇq代
2019-07-31T09:00:00,P501,G瘠撇负蚀]I@p杉凭讠А,30.00,タ`逼穸q代
2019-07-31T09:00:00,P601,G瘠撇负蚀]I@p杉凭讠А,37.00,タ`逼穸q代
2019-07-31T09:00:00,P701,G瘠撇负蚀]I@p杉凭讠А,32.00,タ`逼穸q代
2019-07-31T09:00:00,P801,G瘠撇负蚀]I@p杉凭讠А,32.00,タ`逼穸q代
2019-07-31T09:00:00,P011,癞鸷蚀]I@p杉凭讠А,4.80,タ`逼穸q代
2019-07-31T09:00:00,P021,癞鸷蚀]I@p杉凭讠А,5.00,タ`逼穸q代
2019-07-31T09:00:00,P101,癞鸷蚀]I@p杉凭讠А,5.60,タ`逼穸q代
2019-07-31T09:00:00,P201,癞鸷蚀]I@p杉凭讠А,5.70,タ`逼穸q代
2019-07-31T09:00:00,P301,癞鸷蚀]I@p杉凭讠А,5.30,タ`逼穸q代
2019-07-31T09:00:00,P401,癞鸷蚀]I@p杉凭讠А,22.50,TwγV方既氨B锣珊蚀]Iぇq代
2019-07-31T09:00:00,P501,癞鸷蚀]I@p杉凭讠А,4.90,タ`逼穸q代
2019-07-31T09:00:00,P601,癞鸷蚀]I@p杉凭讠А,4.20,タ`逼穸q代
2019-07-31T09:00:00,P701,癞鸷蚀]I@p杉凭讠А,3.60,タ`逼穸q代
2019-07-31T09:00:00,P801,癞鸷蚀]I@p杉凭讠А,4.70,タ`逼穸q代
2019-07-31T09:00:00,P011,逼瘳yv菏代]I@p杉凭讠А,1841753.00,タ`逼穸q代
2019-07-31T09:00:00,P021,逼瘳yv菏代]I@p杉凭讠А,1841673.00,タ`逼穸q代
2019-07-31T09:00:00,P101,逼瘳yv菏代]I@p杉凭讠А,1940044.00,タ`逼穸q代
2019-07-31T09:00:00,P201,逼瘳yv菏代]I@p杉凭讠А,1937801.00,タ`逼穸q代
2019-07-31T09:00:00,P301,逼瘳yv菏代]I@p杉凭讠А,1627943.00,タ`逼穸q代
2019-07-31T09:00:00,P401,逼瘳yv菏代]I@p杉凭讠А,91164.00,TwγV方既氨B锣珊蚀]Iぇq代
2019-07-31T09:00:00,P501,逼瘳yv菏代]I@p杉凭讠А,1785552.00,タ`逼穸q代
2019-07-31T09:00:00,P601,逼瘳yv菏代]I@p杉凭讠А,1714051.00,タ`逼穸q代
2019-07-31T09:00:00,P701,逼瘳yv菏代]I@p杉凭讠А,1808700.00,タ`逼穸q代
2019-07-31T09:00:00,P801,逼瘳yv菏代]I@p杉凭讠А,1987681.00,タ`逼穸q代
2019-07-31T09:00:00,P011,瘁瘠篇菏代]I@p杉凭讠А,39.00,タ`逼穸q代
2019-07-31T09:00:00,P021,瘁瘠篇菏代]I@p杉凭讠А,38.00,タ`逼穸q代
2019-07-31T09:00:00,P101,瘁瘠篇菏代]I@p杉凭讠А,30.00,タ`逼穸q代
2019-07-31T09:00:00,P201,瘁瘠篇菏代]I@p杉凭讠А,31.00,タ`逼穸q代
2019-07-31T09:00:00,P301,瘁瘠篇菏代]I@p杉凭讠А,41.00,タ`逼穸q代
2019-07-31T09:00:00,P401,瘁瘠篇菏代]I@p杉凭讠А,1.00,TwγV方既氨B锣珊蚀]Iぇq代
2019-07-31T09:00:00,P501,瘁瘠篇菏代]I@p杉凭讠А,42.00,タ`逼穸q代
2019-07-31T09:00:00,P601,瘁瘠篇菏代]I@p杉凭讠А,53.00,タ`逼穸q代
2019-07-31T09:00:00,P701,瘁瘠篇菏代]I@p杉凭讠А,43.00,タ`逼穸q代
2019-07-31T09:00:00,P801,瘁瘠篇菏代]I@p杉凭讠А,44.00,タ`逼穸q代
2019-07-31T09:00:00,P011,放缀蚀]I@p杉凭讠А,102.00,タ`逼穸q代
2019-07-31T09:00:00,P021,放缀蚀]I@p杉凭讠А,112.00,タ`逼穸q代
2019-07-31T09:00:00,P101,放缀蚀]I@p杉凭讠А,103.00,タ`逼穸q代
2019-07-31T09:00:00,P201,放缀蚀]I@p杉凭讠А,88.00,タ`逼穸q代
2019-07-31T09:00:00,P301,放缀蚀]I@p杉凭讠А,102.00,タ`逼穸q代
2019-07-31T09:00:00,P401,放缀蚀]I@p杉凭讠А,30.00,TwγV方既氨B锣珊蚀]Iぇq代
2019-07-31T09:00:00,P501,放缀蚀]I@p杉凭讠А,104.00,タ`逼穸q代
2019-07-31T09:00:00,P601,放缀蚀]I@p杉凭讠А,98.00,タ`逼穸q代
2019-07-31T09:00:00,P701,放缀蚀]I@p杉凭讠А,105.00,タ`逼穸q代
2019-07-31T09:00:00,P801,放缀蚀]I@p杉凭讠А,106.00,タ`逼穸q代
2019-07-31T10:00:00,P011,G瘠撇负蚀]I@p杉凭讠А,24.00,タ`逼穸q代
2019-07-31T10:00:00,P021,G瘠撇负蚀]I@p杉凭讠А,29.00,タ`逼穸q代
2019-07-31T10:00:00,P101,G瘠撇负蚀]I@p杉凭讠А,18.00,タ`逼穸q代
2019-07-31T10:00:00,P201,G瘠撇负蚀]I@p杉凭讠А,23.00,タ`逼穸q代
2019-07-31T10:00:00,P301,G瘠撇负蚀]I@p杉凭讠А,6.00,タ`逼穸q代
2019-07-31T10:00:00,P401,G瘠撇负蚀]I@p杉凭讠А,2.00,TwγV方既氨B锣珊蚀]Iぇq代
2019-07-31T10:00:00,P501,G瘠撇负蚀]I@p杉凭讠А,34.00,タ`逼穸q代
2019-07-31T10:00:00,P601,G瘠撇负蚀]I@p杉凭讠А,35.00,タ`逼穸q代
2019-07-31T10:00:00,P701,G瘠撇负蚀]I@p杉凭讠А,36.00,タ`逼穸q代
2019-07-31T10:00:00,P801,G瘠撇负蚀]I@p杉凭讠А,33.00,タ`逼穸q代
2019-07-31T10:00:00,P011,癞鸷蚀]I@p杉凭讠А,4.80,タ`逼穸q代
2019-07-31T10:00:00,P021,癞鸷蚀]I@p杉凭讠А,4.90,タ`逼穸q代
2019-07-31T10:00:00,P101,癞鸷蚀]I@p杉凭讠А,5.70,タ`逼穸q代
2019-07-31T10:00:00,P201,癞鸷蚀]I@p杉凭讠А,5.70,タ`逼穸q代
2019-07-31T10:00:00,P301,癞鸷蚀]I@p杉凭讠А,5.40,タ`逼穸q代
2019-07-31T10:00:00,P401,癞鸷蚀]I@p杉凭讠А,22.60,TwγV方既氨B锣珊蚀]Iぇq代
2019-07-31T10:00:00,P501,癞鸷蚀]I@p杉凭讠А,5.00,タ`逼穸q代
2019-07-31T10:00:00,P601,癞鸷蚀]I@p杉凭讠А,4.20,タ`逼穸q代
2019-07-31T10:00:00,P701,癞鸷蚀]I@p杉凭讠А,3.70,タ`逼穸q代
2019-07-31T10:00:00,P801,癞鸷蚀]I@p杉凭讠А,4.70,タ`逼穸q代
2019-07-31T10:00:00,P011,逼瘳yv菏代]I@p杉凭讠А,1839617.00,タ`逼穸q代
2019-07-31T10:00:00,P021,逼瘳yv菏代]I@p杉凭讠А,1850367.00,タ`逼穸q代
2019-07-31T10:00:00,P101,逼瘳yv菏代]I@p杉凭讠А,1934946.00,タ`逼穸q代
2019-07-31T10:00:00,P201,逼瘳yv菏代]I@p杉凭讠А,1931950.00,タ`逼穸q代
2019-07-31T10:00:00,P301,逼瘳yv菏代]I@p杉凭讠А,1618643.00,タ`逼穸q代
2019-07-31T10:00:00,P401,逼瘳yv菏代]I@p杉凭讠А,89082.00,TwγV方既氨B锣珊蚀]Iぇq代
2019-07-31T10:00:00,P501,逼瘳yv菏代]I@p杉凭讠А,1778948.00,タ`逼穸q代
2019-07-31T10:00:00,P601,逼瘳yv菏代]I@p杉凭讠А,1705304.00,タ`逼穸q代
2019-07-31T10:00:00,P701,逼瘳yv菏代]I@p杉凭讠А,1810718.00,タ`逼穸q代
2019-07-31T10:00:00,P801,逼瘳yv菏代]I@p杉凭讠А,1984231.00,タ`逼穸q代
2019-07-31T10:00:00,P011,瘁瘠篇菏代]I@p杉凭讠А,39.00,タ`逼穸q代
2019-07-31T10:00:00,P021,瘁瘠篇菏代]I@p杉凭讠А,38.00,タ`逼穸q代
2019-07-31T10:00:00,P101,瘁瘠篇菏代]I@p杉凭讠А,34.00,タ`逼穸q代
2019-07-31T10:00:00,P201,瘁瘠篇菏代]I@p杉凭讠А,31.00,タ`逼穸q代
2019-07-31T10:00:00,P301,瘁瘠篇菏代]I@p杉凭讠А,41.00,タ`逼穸q代
2019-07-31T10:00:00,P401,瘁瘠篇菏代]I@p杉凭讠А,1.00,TwγV方既氨B锣珊蚀]Iぇq代
2019-07-31T10:00:00,P501,瘁瘠篇菏代]I@p杉凭讠А,42.00,タ`逼穸q代
2019-07-31T10:00:00,P601,瘁瘠篇菏代]I@p杉凭讠А,53.00,タ`逼穸q代
2019-07-31T10:00:00,P701,瘁瘠篇菏代]I@p杉凭讠А,43.00,タ`逼穸q代
2019-07-31T10:00:00,P801,瘁瘠篇菏代]I@p杉凭讠А,43.00,タ`逼穸q代
2019-07-31T10:00:00,P011,放缀蚀]I@p杉凭讠А,103.00,タ`逼穸q代
2019-07-31T10:00:00,P021,放缀蚀]I@p杉凭讠А,111.00,タ`逼穸q代
2019-07-31T10:00:00,P101,放缀蚀]I@p杉凭讠А,103.00,タ`逼穸q代
2019-07-31T10:00:00,P201,放缀蚀]I@p杉凭讠А,89.00,タ`逼穸q代
2019-07-31T10:00:00,P301,放缀蚀]I@p杉凭讠А,103.00,タ`逼穸q代
2019-07-31T10:00:00,P401,放缀蚀]I@p杉凭讠А,30.00,TwγV方既氨B锣珊蚀]Iぇq代
2019-07-31T10:00:00,P501,放缀蚀]I@p杉凭讠А,104.00,タ`逼穸q代
2019-07-31T10:00:00,P601,放缀蚀]I@p杉凭讠А,98.00,タ`逼穸q代
2019-07-31T10:00:00,P701,放缀蚀]I@p杉凭讠А,103.00,タ`逼穸q代
2019-07-31T10:00:00,P801,放缀蚀]I@p杉凭讠А,106.00,タ`逼穸q代
2019-07-31T11:00:00,P011,G瘠撇负蚀]I@p杉凭讠А,26.00,タ`逼穸q代
2019-07-31T11:00:00,P021,G瘠撇负蚀]I@p杉凭讠А,30.00,タ`逼穸q代
2019-07-31T11:00:00,P101,G瘠撇负蚀]I@p杉凭讠А,24.00,タ`逼穸q代
2019-07-31T11:00:00,P201,G瘠撇负蚀]I@p杉凭讠А,22.00,タ`逼穸q代
2019-07-31T11:00:00,P301,G瘠撇负蚀]I@p杉凭讠А,7.00,タ`逼穸q代
2019-07-31T11:00:00,P401,G瘠撇负蚀]I@p杉凭讠А,2.00,TwγV方既氨B锣珊蚀]Iぇq代
2019-07-31T11:00:00,P501,G瘠撇负蚀]I@p杉凭讠А,34.00,タ`逼穸q代
2019-07-31T11:00:00,P601,G瘠撇负蚀]I@p杉凭讠А,34.00,タ`逼穸q代
2019-07-31T11:00:00,P701,G瘠撇负蚀]I@p杉凭讠А,37.00,タ`逼穸q代
2019-07-31T11:00:00,P801,G瘠撇负蚀]I@p杉凭讠А,32.00,タ`逼穸q代
2019-07-31T11:00:00,P011,癞鸷蚀]I@p杉凭讠А,4.70,タ`逼穸q代
2019-07-31T11:00:00,P021,癞鸷蚀]I@p杉凭讠А,4.90,タ`逼穸q代
2019-07-31T11:00:00,P101,癞鸷蚀]I@p杉凭讠А,5.70,タ`逼穸q代
2019-07-31T11:00:00,P201,癞鸷蚀]I@p杉凭讠А,5.60,タ`逼穸q代
2019-07-31T11:00:00,P301,癞鸷蚀]I@p杉凭讠А,5.70,タ`逼穸q代
2019-07-31T11:00:00,P401,癞鸷蚀]I@p杉凭讠А,22.60,TwγV方既氨B锣珊蚀]Iぇq代
2019-07-31T11:00:00,P501,癞鸷蚀]I@p杉凭讠А,5.00,タ`逼穸q代
2019-07-31T11:00:00,P601,癞鸷蚀]I@p杉凭讠А,4.20,タ`逼穸q代
2019-07-31T11:00:00,P701,癞鸷蚀]I@p杉凭讠А,3.70,タ`逼穸q代
2019-07-31T11:00:00,P801,癞鸷蚀]I@p杉凭讠А,4.70,タ`逼穸q代
2019-07-31T11:00:00,P011,逼瘳yv菏代]I@p杉凭讠А,1848161.00,タ`逼穸q代
2019-07-31T11:00:00,P021,逼瘳yv菏代]I@p杉凭讠А,1848010.00,タ`逼穸q代
2019-07-31T11:00:00,P101,逼瘳yv菏代]I@p杉凭讠А,1942711.00,タ`逼穸q代
2019-07-31T11:00:00,P201,逼瘳yv菏代]I@p杉凭讠А,1941838.00,タ`逼穸q代
2019-07-31T11:00:00,P301,逼瘳yv菏代]I@p杉凭讠А,1608504.00,タ`逼穸q代
2019-07-31T11:00:00,P401,逼瘳yv菏代]I@p杉凭讠А,101376.00,TwγV方既氨B锣珊蚀]Iぇq代
2019-07-31T11:00:00,P501,逼瘳yv菏代]I@p杉凭讠А,1788091.00,タ`逼穸q代
2019-07-31T11:00:00,P601,逼瘳yv菏代]I@p杉凭讠А,1703227.00,タ`逼穸q代
2019-07-31T11:00:00,P701,逼瘳yv菏代]I@p杉凭讠А,1820291.00,タ`逼穸q代
2019-07-31T11:00:00,P801,逼瘳yv菏代]I@p杉凭讠А,1989096.00,タ`逼穸q代
2019-07-31T11:00:00,P011,瘁瘠篇菏代]I@p杉凭讠А,39.00,タ`逼穸q代
2019-07-31T11:00:00,P021,瘁瘠篇菏代]I@p杉凭讠А,38.00,タ`逼穸q代
2019-07-31T11:00:00,P101,瘁瘠篇菏代]I@p杉凭讠А,36.00,タ`逼穸q代
2019-07-31T11:00:00,P201,瘁瘠篇菏代]I@p杉凭讠А,31.00,タ`逼穸q代
2019-07-31T11:00:00,P301,瘁瘠篇菏代]I@p杉凭讠А,42.00,タ`逼穸q代
2019-07-31T11:00:00,P401,瘁瘠篇菏代]I@p杉凭讠А,1.00,TwγV方既氨B锣珊蚀]Iぇq代
2019-07-31T11:00:00,P501,瘁瘠篇菏代]I@p杉凭讠А,42.00,タ`逼穸q代
2019-07-31T11:00:00,P601,瘁瘠篇菏代]I@p杉凭讠А,53.00,タ`逼穸q代
2019-07-31T11:00:00,P701,瘁瘠篇菏代]I@p杉凭讠А,43.00,タ`逼穸q代
2019-07-31T11:00:00,P801,瘁瘠篇菏代]I@p杉凭讠А,42.00,タ`逼穸q代
2019-07-31T11:00:00,P011,放缀蚀]I@p杉凭讠А,103.00,タ`逼穸q代
2019-07-31T11:00:00,P021,放缀蚀]I@p杉凭讠А,111.00,タ`逼穸q代
2019-07-31T11:00:00,P101,放缀蚀]I@p杉凭讠А,103.00,タ`逼穸q代
2019-07-31T11:00:00,P201,放缀蚀]I@p杉凭讠А,90.00,タ`逼穸q代
2019-07-31T11:00:00,P301,放缀蚀]I@p杉凭讠А,103.00,タ`逼穸q代
2019-07-31T11:00:00,P401,放缀蚀]I@p杉凭讠А,30.00,TwγV方既氨B锣珊蚀]Iぇq代
2019-07-31T11:00:00,P501,放缀蚀]I@p杉凭讠А,107.00,タ`逼穸q代
2019-07-31T11:00:00,P601,放缀蚀]I@p杉凭讠А,98.00,タ`逼穸q代
2019-07-31T11:00:00,P701,放缀蚀]I@p杉凭讠А,105.00,タ`逼穸q代
2019-07-31T11:00:00,P801,放缀蚀]I@p杉凭讠А,106.00,タ`逼穸q代
2019-07-31T12:00:00,P011,G瘠撇负蚀]I@p杉凭讠А,27.00,タ`逼穸q代
2019-07-31T12:00:00,P021,G瘠撇负蚀]I@p杉凭讠А,29.00,タ`逼穸q代
2019-07-31T12:00:00,P101,G瘠撇负蚀]I@p杉凭讠А,23.00,タ`逼穸q代
2019-07-31T12:00:00,P201,G瘠撇负蚀]I@p杉凭讠А,23.00,タ`逼穸q代
2019-07-31T12:00:00,P301,G瘠撇负蚀]I@p杉凭讠А,8.00,タ`逼穸q代
2019-07-31T12:00:00,P401,G瘠撇负蚀]I@p杉凭讠А,2.00,TwγV方既氨B锣珊蚀]Iぇq代
2019-07-31T12:00:00,P501,G瘠撇负蚀]I@p杉凭讠А,34.00,タ`逼穸q代
2019-07-31T12:00:00,P601,G瘠撇负蚀]I@p杉凭讠А,30.00,タ`逼穸q代
2019-07-31T12:00:00,P701,G瘠撇负蚀]I@p杉凭讠А,39.00,タ`逼穸q代
2019-07-31T12:00:00,P801,G瘠撇负蚀]I@p杉凭讠А,33.00,タ`逼穸q代
2019-07-31T12:00:00,P011,癞鸷蚀]I@p杉凭讠А,4.70,タ`逼穸q代
2019-07-31T12:00:00,P021,癞鸷蚀]I@p杉凭讠А,4.90,タ`逼穸q代
2019-07-31T12:00:00,P101,癞鸷蚀]I@p杉凭讠А,5.50,タ`逼穸q代
2019-07-31T12:00:00,P201,癞鸷蚀]I@p杉凭讠А,5.60,タ`逼穸q代
2019-07-31T12:00:00,P301,癞鸷蚀]I@p杉凭讠А,5.70,タ`逼穸q代
2019-07-31T12:00:00,P401,癞鸷蚀]I@p杉凭讠А,22.60,TwγV方既氨B锣珊蚀]Iぇq代
2019-07-31T12:00:00,P501,癞鸷蚀]I@p杉凭讠А,5.00,タ`逼穸q代
2019-07-31T12:00:00,P601,癞鸷蚀]I@p杉凭讠А,4.20,タ`逼穸q代
2019-07-31T12:00:00,P701,癞鸷蚀]I@p杉凭讠А,3.80,タ`逼穸q代
2019-07-31T12:00:00,P801,癞鸷蚀]I@p杉凭讠А,4.70,タ`逼穸q代
2019-07-31T12:00:00,P011,逼瘳yv菏代]I@p杉凭讠А,1853305.00,タ`逼穸q代
2019-07-31T12:00:00,P021,逼瘳yv菏代]I@p杉凭讠А,1856856.00,タ`逼穸q代
2019-07-31T12:00:00,P101,逼瘳yv菏代]I@p杉凭讠А,1952762.00,タ`逼穸q代
2019-07-31T12:00:00,P201,逼瘳yv菏代]I@p杉凭讠А,1944944.00,タ`逼穸q代
2019-07-31T12:00:00,P301,逼瘳yv菏代]I@p杉凭讠А,1608227.00,タ`逼穸q代
2019-07-31T12:00:00,P401,逼瘳yv菏代]I@p杉凭讠А,118063.00,TwγV方既氨B锣珊蚀]Iぇq代
2019-07-31T12:00:00,P501,逼瘳yv菏代]I@p杉凭讠А,1784553.00,タ`逼穸q代
2019-07-31T12:00:00,P601,逼瘳yv菏代]I@p杉凭讠А,1703902.00,タ`逼穸q代
2019-07-31T12:00:00,P701,逼瘳yv菏代]I@p杉凭讠А,1828285.00,タ`逼穸q代
2019-07-31T12:00:00,P801,逼瘳yv菏代]I@p杉凭讠А,1997164.00,タ`逼穸q代
2019-07-31T12:00:00,P011,瘁瘠篇菏代]I@p杉凭讠А,39.00,タ`逼穸q代
2019-07-31T12:00:00,P021,瘁瘠篇菏代]I@p杉凭讠А,38.00,タ`逼穸q代
2019-07-31T12:00:00,P101,瘁瘠篇菏代]I@p杉凭讠А,37.00,タ`逼穸q代
2019-07-31T12:00:00,P201,瘁瘠篇菏代]I@p杉凭讠А,31.00,タ`逼穸q代
2019-07-31T12:00:00,P301,瘁瘠篇菏代]I@p杉凭讠А,41.00,タ`逼穸q代
2019-07-31T12:00:00,P401,瘁瘠篇菏代]I@p杉凭讠А,1.00,TwγV方既氨B锣珊蚀]Iぇq代
2019-07-31T12:00:00,P501,瘁瘠篇菏代]I@p杉凭讠А,42.00,タ`逼穸q代
2019-07-31T12:00:00,P601,瘁瘠篇菏代]I@p杉凭讠А,53.00,タ`逼穸q代
2019-07-31T12:00:00,P701,瘁瘠篇菏代]I@p杉凭讠А,43.00,タ`逼穸q代
2019-07-31T12:00:00,P801,瘁瘠篇菏代]I@p杉凭讠А,43.00,タ`逼穸q代
2019-07-31T12:00:00,P011,放缀蚀]I@p杉凭讠А,104.00,タ`逼穸q代
2019-07-31T12:00:00,P021,放缀蚀]I@p杉凭讠А,111.00,タ`逼穸q代
2019-07-31T12:00:00,P101,放缀蚀]I@p杉凭讠А,103.00,タ`逼穸q代
2019-07-31T12:00:00,P201,放缀蚀]I@p杉凭讠А,89.00,タ`逼穸q代
2019-07-31T12:00:00,P301,放缀蚀]I@p杉凭讠А,103.00,タ`逼穸q代
2019-07-31T12:00:00,P401,放缀蚀]I@p杉凭讠А,30.00,TwγV方既氨B锣珊蚀]Iぇq代
2019-07-31T12:00:00,P501,放缀蚀]I@p杉凭讠А,108.00,タ`逼穸q代
2019-07-31T12:00:00,P601,放缀蚀]I@p杉凭讠А,98.00,タ`逼穸q代
2019-07-31T12:00:00,P701,放缀蚀]I@p杉凭讠А,103.00,タ`逼穸q代
2019-07-31T12:00:00,P801,放缀蚀]I@p杉凭讠А,106.00,タ`逼穸q代
2019-07-31T13:00:00,P011,G瘠撇负蚀]I@p杉凭讠А,28.00,タ`逼穸q代
2019-07-31T13:00:00,P021,G瘠撇负蚀]I@p杉凭讠А,29.00,タ`逼穸q代
2019-07-31T13:00:00,P101,G瘠撇负蚀]I@p杉凭讠А,24.00,タ`逼穸q代
2019-07-31T13:00:00,P201,G瘠撇负蚀]I@p杉凭讠А,25.00,タ`逼穸q代
2019-07-31T13:00:00,P301,G瘠撇负蚀]I@p杉凭讠А,8.00,タ`逼穸q代
2019-07-31T13:00:00,P401,G瘠撇负蚀]I@p杉凭讠А,1.00,TwγV方既氨B锣珊蚀]Iぇq代
2019-07-31T13:00:00,P501,G瘠撇负蚀]I@p杉凭讠А,35.00,タ`逼穸q代
2019-07-31T13:00:00,P601,G瘠撇负蚀]I@p杉凭讠А,29.00,タ`逼穸q代
2019-07-31T13:00:00,P701,G瘠撇负蚀]I@p杉凭讠А,39.00,タ`逼穸q代
2019-07-31T13:00:00,P801,G瘠撇负蚀]I@p杉凭讠А,32.00,タ`逼穸q代
2019-07-31T13:00:00,P011,癞鸷蚀]I@p杉凭讠А,4.80,タ`逼穸q代
2019-07-31T13:00:00,P021,癞鸷蚀]I@p杉凭讠А,4.90,タ`逼穸q代
2019-07-31T13:00:00,P101,癞鸷蚀]I@p杉凭讠А,5.30,タ`逼穸q代
2019-07-31T13:00:00,P201,癞鸷蚀]I@p杉凭讠А,5.60,タ`逼穸q代
2019-07-31T13:00:00,P301,癞鸷蚀]I@p杉凭讠А,5.70,タ`逼穸q代
2019-07-31T13:00:00,P401,癞鸷蚀]I@p杉凭讠А,22.60,TwγV方既氨B锣珊蚀]Iぇq代
2019-07-31T13:00:00,P501,癞鸷蚀]I@p杉凭讠А,5.00,タ`逼穸q代
2019-07-31T13:00:00,P601,癞鸷蚀]I@p杉凭讠А,4.30,タ`逼穸q代
2019-07-31T13:00:00,P701,癞鸷蚀]I@p杉凭讠А,3.70,タ`逼穸q代
2019-07-31T13:00:00,P801,癞鸷蚀]I@p杉凭讠А,4.70,タ`逼穸q代
2019-07-31T13:00:00,P011,逼瘳yv菏代]I@p杉凭讠А,1844001.00,タ`逼穸q代
2019-07-31T13:00:00,P021,逼瘳yv菏代]I@p杉凭讠А,1854709.00,タ`逼穸q代
2019-07-31T13:00:00,P101,逼瘳yv菏代]I@p杉凭讠А,1965419.00,タ`逼穸q代
2019-07-31T13:00:00,P201,逼瘳yv菏代]I@p杉凭讠А,1942697.00,タ`逼穸q代
2019-07-31T13:00:00,P301,逼瘳yv菏代]I@p杉凭讠А,1621510.00,タ`逼穸q代
2019-07-31T13:00:00,P401,逼瘳yv菏代]I@p杉凭讠А,127331.00,TwγV方既氨B锣珊蚀]Iぇq代
2019-07-31T13:00:00,P501,逼瘳yv菏代]I@p杉凭讠А,1783105.00,タ`逼穸q代
2019-07-31T13:00:00,P601,逼瘳yv菏代]I@p杉凭讠А,1704009.00,タ`逼穸q代
2019-07-31T13:00:00,P701,逼瘳yv菏代]I@p杉凭讠А,1830878.00,タ`逼穸q代
2019-07-31T13:00:00,P801,逼瘳yv菏代]I@p杉凭讠А,2004156.00,タ`逼穸q代
2019-07-31T13:00:00,P011,瘁瘠篇菏代]I@p杉凭讠А,39.00,タ`逼穸q代
2019-07-31T13:00:00,P021,瘁瘠篇菏代]I@p杉凭讠А,37.00,タ`逼穸q代
2019-07-31T13:00:00,P101,瘁瘠篇菏代]I@p杉凭讠А,34.00,タ`逼穸q代
2019-07-31T13:00:00,P201,瘁瘠篇菏代]I@p杉凭讠А,31.00,タ`逼穸q代
2019-07-31T13:00:00,P301,瘁瘠篇菏代]I@p杉凭讠А,41.00,タ`逼穸q代
2019-07-31T13:00:00,P401,瘁瘠篇菏代]I@p杉凭讠А,1.00,TwγV方既氨B锣珊蚀]Iぇq代
2019-07-31T13:00:00,P501,瘁瘠篇菏代]I@p杉凭讠А,42.00,タ`逼穸q代
2019-07-31T13:00:00,P601,瘁瘠篇菏代]I@p杉凭讠А,53.00,タ`逼穸q代
2019-07-31T13:00:00,P701,瘁瘠篇菏代]I@p杉凭讠А,44.00,タ`逼穸q代
2019-07-31T13:00:00,P801,瘁瘠篇菏代]I@p杉凭讠А,42.00,タ`逼穸q代
2019-07-31T13:00:00,P011,放缀蚀]I@p杉凭讠А,104.00,タ`逼穸q代
2019-07-31T13:00:00,P021,放缀蚀]I@p杉凭讠А,111.00,タ`逼穸q代
2019-07-31T13:00:00,P101,放缀蚀]I@p杉凭讠А,103.00,タ`逼穸q代
2019-07-31T13:00:00,P201,放缀蚀]I@p杉凭讠А,89.00,タ`逼穸q代
2019-07-31T13:00:00,P301,放缀蚀]I@p杉凭讠А,103.00,タ`逼穸q代
2019-07-31T13:00:00,P401,放缀蚀]I@p杉凭讠А,30.00,TwγV方既氨B锣珊蚀]Iぇq代
2019-07-31T13:00:00,P501,放缀蚀]I@p杉凭讠А,108.00,タ`逼穸q代
2019-07-31T13:00:00,P601,放缀蚀]I@p杉凭讠А,98.00,タ`逼穸q代
2019-07-31T13:00:00,P701,放缀蚀]I@p杉凭讠А,104.00,タ`逼穸q代
2019-07-31T13:00:00,P801,放缀蚀]I@p杉凭讠А,106.00,タ`逼穸q代
2019-07-31T14:00:00,P011,G瘠撇负蚀]I@p杉凭讠А,26.00,タ`逼穸q代
2019-07-31T14:00:00,P021,G瘠撇负蚀]I@p杉凭讠А,30.00,タ`逼穸q代
2019-07-31T14:00:00,P101,G瘠撇负蚀]I@p杉凭讠А,18.00,タ`逼穸q代
2019-07-31T14:00:00,P201,G瘠撇负蚀]I@p杉凭讠А,26.00,タ`逼穸q代
2019-07-31T14:00:00,P301,G瘠撇负蚀]I@p杉凭讠А,9.00,タ`逼穸q代
2019-07-31T14:00:00,P401,G瘠撇负蚀]I@p杉凭讠А,2.00,TwγV方既氨B锣珊蚀]Iぇq代
2019-07-31T14:00:00,P501,G瘠撇负蚀]I@p杉凭讠А,33.00,タ`逼穸q代
2019-07-31T14:00:00,P601,G瘠撇负蚀]I@p杉凭讠А,35.00,タ`逼穸q代
2019-07-31T14:00:00,P701,G瘠撇负蚀]I@p杉凭讠А,39.00,タ`逼穸q代
2019-07-31T14:00:00,P801,G瘠撇负蚀]I@p杉凭讠А,35.00,タ`逼穸q代
2019-07-31T14:00:00,P011,癞鸷蚀]I@p杉凭讠А,4.80,タ`逼穸q代
2019-07-31T14:00:00,P021,癞鸷蚀]I@p杉凭讠А,4.80,タ`逼穸q代
2019-07-31T14:00:00,P101,癞鸷蚀]I@p杉凭讠А,5.40,タ`逼穸q代
2019-07-31T14:00:00,P201,癞鸷蚀]I@p杉凭讠А,5.60,タ`逼穸q代
2019-07-31T14:00:00,P301,癞鸷蚀]I@p杉凭讠А,5.60,タ`逼穸q代
2019-07-31T14:00:00,P401,癞鸷蚀]I@p杉凭讠А,22.60,TwγV方既氨B锣珊蚀]Iぇq代
2019-07-31T14:00:00,P501,癞鸷蚀]I@p杉凭讠А,4.90,タ`逼穸q代
2019-07-31T14:00:00,P601,癞鸷蚀]I@p杉凭讠А,4.30,タ`逼穸q代
2019-07-31T14:00:00,P701,癞鸷蚀]I@p杉凭讠А,3.70,タ`逼穸q代
2019-07-31T14:00:00,P801,癞鸷蚀]I@p杉凭讠А,4.50,タ`逼穸q代
2019-07-31T14:00:00,P011,逼瘳yv菏代]I@p杉凭讠А,1845401.00,タ`逼穸q代
2019-07-31T14:00:00,P021,逼瘳yv菏代]I@p杉凭讠А,1850755.00,タ`逼穸q代
2019-07-31T14:00:00,P101,逼瘳yv菏代]I@p杉凭讠А,1973725.00,タ`逼穸q代
2019-07-31T14:00:00,P201,逼瘳yv菏代]I@p杉凭讠А,1945871.00,タ`逼穸q代
2019-07-31T14:00:00,P301,逼瘳yv菏代]I@p杉凭讠А,1626346.00,タ`逼穸q代
2019-07-31T14:00:00,P401,逼瘳yv菏代]I@p杉凭讠А,146435.00,TwγV方既氨B锣珊蚀]Iぇq代
2019-07-31T14:00:00,P501,逼瘳yv菏代]I@p杉凭讠А,1794610.00,タ`逼穸q代
2019-07-31T14:00:00,P601,逼瘳yv菏代]I@p杉凭讠А,1702191.00,タ`逼穸q代
2019-07-31T14:00:00,P701,逼瘳yv菏代]I@p杉凭讠А,1835809.00,タ`逼穸q代
2019-07-31T14:00:00,P801,逼瘳yv菏代]I@p杉凭讠А,2009799.00,タ`逼穸q代
2019-07-31T14:00:00,P011,瘁瘠篇菏代]I@p杉凭讠А,39.00,タ`逼穸q代
2019-07-31T14:00:00,P021,瘁瘠篇菏代]I@p杉凭讠А,38.00,タ`逼穸q代
2019-07-31T14:00:00,P101,瘁瘠篇菏代]I@p杉凭讠А,33.00,タ`逼穸q代
2019-07-31T14:00:00,P201,瘁瘠篇菏代]I@p杉凭讠А,30.00,タ`逼穸q代
2019-07-31T14:00:00,P301,瘁瘠篇菏代]I@p杉凭讠А,42.00,タ`逼穸q代
2019-07-31T14:00:00,P401,瘁瘠篇菏代]I@p杉凭讠А,1.00,TwγV方既氨B锣珊蚀]Iぇq代
2019-07-31T14:00:00,P501,瘁瘠篇菏代]I@p杉凭讠А,42.00,タ`逼穸q代
2019-07-31T14:00:00,P601,瘁瘠篇菏代]I@p杉凭讠А,52.00,タ`逼穸q代
2019-07-31T14:00:00,P701,瘁瘠篇菏代]I@p杉凭讠А,44.00,タ`逼穸q代
2019-07-31T14:00:00,P801,瘁瘠篇菏代]I@p杉凭讠А,43.00,タ`逼穸q代
2019-07-31T14:00:00,P011,放缀蚀]I@p杉凭讠А,103.00,タ`逼穸q代
2019-07-31T14:00:00,P021,放缀蚀]I@p杉凭讠А,111.00,タ`逼穸q代
2019-07-31T14:00:00,P101,放缀蚀]I@p杉凭讠А,104.00,タ`逼穸q代
2019-07-31T14:00:00,P201,放缀蚀]I@p杉凭讠А,90.00,タ`逼穸q代
2019-07-31T14:00:00,P301,放缀蚀]I@p杉凭讠А,103.00,タ`逼穸q代
2019-07-31T14:00:00,P401,放缀蚀]I@p杉凭讠А,31.00,TwγV方既氨B锣珊蚀]Iぇq代
2019-07-31T14:00:00,P501,放缀蚀]I@p杉凭讠А,105.00,タ`逼穸q代
2019-07-31T14:00:00,P601,放缀蚀]I@p杉凭讠А,98.00,タ`逼穸q代
2019-07-31T14:00:00,P701,放缀蚀]I@p杉凭讠А,106.00,タ`逼穸q代
2019-07-31T14:00:00,P801,放缀蚀]I@p杉凭讠А,106.00,タ`逼穸q代
2019-07-31T15:00:00,P011,G瘠撇负蚀]I@p杉凭讠А,30.00,タ`逼穸q代
2019-07-31T15:00:00,P021,G瘠撇负蚀]I@p杉凭讠А,28.00,タ`逼穸q代
2019-07-31T15:00:00,P101,G瘠撇负蚀]I@p杉凭讠А,17.00,タ`逼穸q代
2019-07-31T15:00:00,P201,G瘠撇负蚀]I@p杉凭讠А,25.00,タ`逼穸q代
2019-07-31T15:00:00,P301,G瘠撇负蚀]I@p杉凭讠А,9.00,タ`逼穸q代
2019-07-31T15:00:00,P401,G瘠撇负蚀]I@p杉凭讠А,2.00,TwγV方既氨B锣珊蚀]Iぇq代
2019-07-31T15:00:00,P501,G瘠撇负蚀]I@p杉凭讠А,33.00,タ`逼穸q代
2019-07-31T15:00:00,P601,G瘠撇负蚀]I@p杉凭讠А,33.00,タ`逼穸q代
2019-07-31T15:00:00,P701,G瘠撇负蚀]I@p杉凭讠А,38.00,タ`逼穸q代
2019-07-31T15:00:00,P801,G瘠撇负蚀]I@p杉凭讠А,37.00,タ`逼穸q代
2019-07-31T15:00:00,P011,癞鸷蚀]I@p杉凭讠А,4.80,タ`逼穸q代
2019-07-31T15:00:00,P021,癞鸷蚀]I@p杉凭讠А,4.80,タ`逼穸q代
2019-07-31T15:00:00,P101,癞鸷蚀]I@p杉凭讠А,5.50,タ`逼穸q代
2019-07-31T15:00:00,P201,癞鸷蚀]I@p杉凭讠А,5.90,タ`逼穸q代
2019-07-31T15:00:00,P301,癞鸷蚀]I@p杉凭讠А,5.60,タ`逼穸q代
2019-07-31T15:00:00,P401,癞鸷蚀]I@p杉凭讠А,22.60,TwγV方既氨B锣珊蚀]Iぇq代
2019-07-31T15:00:00,P501,癞鸷蚀]I@p杉凭讠А,4.80,タ`逼穸q代
2019-07-31T15:00:00,P601,癞鸷蚀]I@p杉凭讠А,4.30,タ`逼穸q代
2019-07-31T15:00:00,P701,癞鸷蚀]I@p杉凭讠А,3.70,タ`逼穸q代
2019-07-31T15:00:00,P801,癞鸷蚀]I@p杉凭讠А,4.50,タ`逼穸q代
2019-07-31T15:00:00,P011,逼瘳yv菏代]I@p杉凭讠А,1838636.00,タ`逼穸q代
2019-07-31T15:00:00,P021,逼瘳yv菏代]I@p杉凭讠А,1851046.00,タ`逼穸q代
2019-07-31T15:00:00,P101,逼瘳yv菏代]I@p杉凭讠А,1969727.00,タ`逼穸q代
2019-07-31T15:00:00,P201,逼瘳yv菏代]I@p杉凭讠А,1937726.00,タ`逼穸q代
2019-07-31T15:00:00,P301,逼瘳yv菏代]I@p杉凭讠А,1632447.00,タ`逼穸q代
2019-07-31T15:00:00,P401,逼瘳yv菏代]I@p杉凭讠А,145507.00,TwγV方既氨B锣珊蚀]Iぇq代
2019-07-31T15:00:00,P501,逼瘳yv菏代]I@p杉凭讠А,1790844.00,タ`逼穸q代
2019-07-31T15:00:00,P601,逼瘳yv菏代]I@p杉凭讠А,1704749.00,タ`逼穸q代
2019-07-31T15:00:00,P701,逼瘳yv菏代]I@p杉凭讠А,1825653.00,タ`逼穸q代
2019-07-31T15:00:00,P801,逼瘳yv菏代]I@p杉凭讠А,2004790.00,タ`逼穸q代
2019-07-31T15:00:00,P011,瘁瘠篇菏代]I@p杉凭讠А,42.00,タ`逼穸q代
2019-07-31T15:00:00,P021,瘁瘠篇菏代]I@p杉凭讠А,38.00,タ`逼穸q代
2019-07-31T15:00:00,P101,瘁瘠篇菏代]I@p杉凭讠А,33.00,タ`逼穸q代
2019-07-31T15:00:00,P201,瘁瘠篇菏代]I@p杉凭讠А,31.00,タ`逼穸q代
2019-07-31T15:00:00,P301,瘁瘠篇菏代]I@p杉凭讠А,41.00,タ`逼穸q代
2019-07-31T15:00:00,P401,瘁瘠篇菏代]I@p杉凭讠А,1.00,TwγV方既氨B锣珊蚀]Iぇq代
2019-07-31T15:00:00,P501,瘁瘠篇菏代]I@p杉凭讠А,42.00,タ`逼穸q代
2019-07-31T15:00:00,P601,瘁瘠篇菏代]I@p杉凭讠А,52.00,タ`逼穸q代
2019-07-31T15:00:00,P701,瘁瘠篇菏代]I@p杉凭讠А,44.00,タ`逼穸q代
2019-07-31T15:00:00,P801,瘁瘠篇菏代]I@p杉凭讠А,44.00,タ`逼穸q代
2019-07-31T15:00:00,P011,放缀蚀]I@p杉凭讠А,102.00,タ`逼穸q代
2019-07-31T15:00:00,P021,放缀蚀]I@p杉凭讠А,112.00,タ`逼穸q代
2019-07-31T15:00:00,P101,放缀蚀]I@p杉凭讠А,104.00,タ`逼穸q代
2019-07-31T15:00:00,P201,放缀蚀]I@p杉凭讠А,92.00,タ`逼穸q代
2019-07-31T15:00:00,P301,放缀蚀]I@p杉凭讠А,103.00,タ`逼穸q代
2019-07-31T15:00:00,P401,放缀蚀]I@p杉凭讠А,31.00,TwγV方既氨B锣珊蚀]Iぇq代
2019-07-31T15:00:00,P501,放缀蚀]I@p杉凭讠А,104.00,タ`逼穸q代
2019-07-31T15:00:00,P601,放缀蚀]I@p杉凭讠А,97.00,タ`逼穸q代
2019-07-31T15:00:00,P701,放缀蚀]I@p杉凭讠А,105.00,タ`逼穸q代
2019-07-31T15:00:00,P801,放缀蚀]I@p杉凭讠А,107.00,タ`逼穸q代
2019-07-31T16:00:00,P011,G瘠撇负蚀]I@p杉凭讠А,28.00,タ`逼穸q代
2019-07-31T16:00:00,P021,G瘠撇负蚀]I@p杉凭讠А,26.00,タ`逼穸q代
2019-07-31T16:00:00,P101,G瘠撇负蚀]I@p杉凭讠А,14.00,タ`逼穸q代
2019-07-31T16:00:00,P201,G瘠撇负蚀]I@p杉凭讠А,24.00,タ`逼穸q代
2019-07-31T16:00:00,P301,G瘠撇负蚀]I@p杉凭讠А,8.00,タ`逼穸q代
2019-07-31T16:00:00,P401,G瘠撇负蚀]I@p杉凭讠А,2.00,TwγV方既氨B锣珊蚀]Iぇq代
2019-07-31T16:00:00,P501,G瘠撇负蚀]I@p杉凭讠А,32.00,タ`逼穸q代
2019-07-31T16:00:00,P601,G瘠撇负蚀]I@p杉凭讠А,33.00,タ`逼穸q代
2019-07-31T16:00:00,P701,G瘠撇负蚀]I@p杉凭讠А,38.00,タ`逼穸q代
2019-07-31T16:00:00,P801,G瘠撇负蚀]I@p杉凭讠А,38.00,タ`逼穸q代
2019-07-31T16:00:00,P011,癞鸷蚀]I@p杉凭讠А,4.80,タ`逼穸q代
2019-07-31T16:00:00,P021,癞鸷蚀]I@p杉凭讠А,4.80,タ`逼穸q代
2019-07-31T16:00:00,P101,癞鸷蚀]I@p杉凭讠А,5.70,タ`逼穸q代
2019-07-31T16:00:00,P201,癞鸷蚀]I@p杉凭讠А,6.00,タ`逼穸q代
2019-07-31T16:00:00,P301,癞鸷蚀]I@p杉凭讠А,5.70,タ`逼穸q代
2019-07-31T16:00:00,P401,癞鸷蚀]I@p杉凭讠А,22.60,TwγV方既氨B锣珊蚀]Iぇq代
2019-07-31T16:00:00,P501,癞鸷蚀]I@p杉凭讠А,4.90,タ`逼穸q代
2019-07-31T16:00:00,P601,癞鸷蚀]I@p杉凭讠А,4.20,タ`逼穸q代
2019-07-31T16:00:00,P701,癞鸷蚀]I@p杉凭讠А,3.60,タ`逼穸q代
2019-07-31T16:00:00,P801,癞鸷蚀]I@p杉凭讠А,4.30,タ`逼穸q代
2019-07-31T16:00:00,P011,逼瘳yv菏代]I@p杉凭讠А,1841587.00,タ`逼穸q代
2019-07-31T16:00:00,P021,逼瘳yv菏代]I@p杉凭讠А,1860266.00,タ`逼穸q代
2019-07-31T16:00:00,P101,逼瘳yv菏代]I@p杉凭讠А,1948019.00,タ`逼穸q代
2019-07-31T16:00:00,P201,逼瘳yv菏代]I@p杉凭讠А,1933737.00,タ`逼穸q代
2019-07-31T16:00:00,P301,逼瘳yv菏代]I@p杉凭讠А,1630119.00,タ`逼穸q代
2019-07-31T16:00:00,P401,逼瘳yv菏代]I@p杉凭讠А,121366.00,TwγV方既氨B锣珊蚀]Iぇq代
2019-07-31T16:00:00,P501,逼瘳yv菏代]I@p杉凭讠А,1788507.00,タ`逼穸q代
2019-07-31T16:00:00,P601,逼瘳yv菏代]I@p杉凭讠А,1701264.00,タ`逼穸q代
2019-07-31T16:00:00,P701,逼瘳yv菏代]I@p杉凭讠А,1820304.00,タ`逼穸q代
2019-07-31T16:00:00,P801,逼瘳yv菏代]I@p杉凭讠А,2011286.00,タ`逼穸q代
2019-07-31T16:00:00,P011,瘁瘠篇菏代]I@p杉凭讠А,43.00,タ`逼穸q代
2019-07-31T16:00:00,P021,瘁瘠篇菏代]I@p杉凭讠А,38.00,タ`逼穸q代
2019-07-31T16:00:00,P101,瘁瘠篇菏代]I@p杉凭讠А,31.00,タ`逼穸q代
2019-07-31T16:00:00,P201,瘁瘠篇菏代]I@p杉凭讠А,31.00,タ`逼穸q代
2019-07-31T16:00:00,P301,瘁瘠篇菏代]I@p杉凭讠А,41.00,タ`逼穸q代
2019-07-31T16:00:00,P401,瘁瘠篇菏代]I@p杉凭讠А,1.00,TwγV方既氨B锣珊蚀]Iぇq代
2019-07-31T16:00:00,P501,瘁瘠篇菏代]I@p杉凭讠А,42.00,タ`逼穸q代
2019-07-31T16:00:00,P601,瘁瘠篇菏代]I@p杉凭讠А,52.00,タ`逼穸q代
2019-07-31T16:00:00,P701,瘁瘠篇菏代]I@p杉凭讠А,44.00,タ`逼穸q代
2019-07-31T16:00:00,P801,瘁瘠篇菏代]I@p杉凭讠А,43.00,タ`逼穸q代
2019-07-31T16:00:00,P011,放缀蚀]I@p杉凭讠А,103.00,タ`逼穸q代
2019-07-31T16:00:00,P021,放缀蚀]I@p杉凭讠А,112.00,タ`逼穸q代
2019-07-31T16:00:00,P101,放缀蚀]I@p杉凭讠А,104.00,タ`逼穸q代
2019-07-31T16:00:00,P201,放缀蚀]I@p杉凭讠А,93.00,タ`逼穸q代
2019-07-31T16:00:00,P301,放缀蚀]I@p杉凭讠А,103.00,タ`逼穸q代
2019-07-31T16:00:00,P401,放缀蚀]I@p杉凭讠А,31.00,TwγV方既氨B锣珊蚀]Iぇq代
2019-07-31T16:00:00,P501,放缀蚀]I@p杉凭讠А,104.00,タ`逼穸q代
2019-07-31T16:00:00,P601,放缀蚀]I@p杉凭讠А,97.00,タ`逼穸q代
2019-07-31T16:00:00,P701,放缀蚀]I@p杉凭讠А,104.00,タ`逼穸q代
2019-07-31T16:00:00,P801,放缀蚀]I@p杉凭讠А,107.00,タ`逼穸q代
2019-07-31T17:00:00,P011,G瘠撇负蚀]I@p杉凭讠А,28.00,タ`逼穸q代
2019-07-31T17:00:00,P021,G瘠撇负蚀]I@p杉凭讠А,27.00,タ`逼穸q代
2019-07-31T17:00:00,P101,G瘠撇负蚀]I@p杉凭讠А,22.00,タ`逼穸q代
2019-07-31T17:00:00,P201,G瘠撇负蚀]I@p杉凭讠А,21.00,タ`逼穸q代
2019-07-31T17:00:00,P301,G瘠撇负蚀]I@p杉凭讠А,8.00,タ`逼穸q代
2019-07-31T17:00:00,P401,G瘠撇负蚀]I@p杉凭讠А,2.00,TwγV方既氨B锣珊蚀]Iぇq代
2019-07-31T17:00:00,P501,G瘠撇负蚀]I@p杉凭讠А,35.00,タ`逼穸q代
2019-07-31T17:00:00,P601,G瘠撇负蚀]I@p杉凭讠А,33.00,タ`逼穸q代
2019-07-31T17:00:00,P701,G瘠撇负蚀]I@p杉凭讠А,36.00,タ`逼穸q代
2019-07-31T17:00:00,P801,G瘠撇负蚀]I@p杉凭讠А,40.00,タ`逼穸q代
2019-07-31T17:00:00,P011,癞鸷蚀]I@p杉凭讠А,4.80,タ`逼穸q代
2019-07-31T17:00:00,P021,癞鸷蚀]I@p杉凭讠А,4.70,タ`逼穸q代
2019-07-31T17:00:00,P101,癞鸷蚀]I@p杉凭讠А,5.60,タ`逼穸q代
2019-07-31T17:00:00,P201,癞鸷蚀]I@p杉凭讠А,6.00,タ`逼穸q代
2019-07-31T17:00:00,P301,癞鸷蚀]I@p杉凭讠А,5.60,タ`逼穸q代
2019-07-31T17:00:00,P401,癞鸷蚀]I@p杉凭讠А,22.60,TwγV方既氨B锣珊蚀]Iぇq代
2019-07-31T17:00:00,P501,癞鸷蚀]I@p杉凭讠А,4.90,タ`逼穸q代
2019-07-31T17:00:00,P601,癞鸷蚀]I@p杉凭讠А,4.20,タ`逼穸q代
2019-07-31T17:00:00,P701,癞鸷蚀]I@p杉凭讠А,3.60,タ`逼穸q代
2019-07-31T17:00:00,P801,癞鸷蚀]I@p杉凭讠А,4.40,タ`逼穸q代
2019-07-31T17:00:00,P011,逼瘳yv菏代]I@p杉凭讠А,1841661.00,タ`逼穸q代
2019-07-31T17:00:00,P021,逼瘳yv菏代]I@p杉凭讠А,1859733.00,タ`逼穸q代
2019-07-31T17:00:00,P101,逼瘳yv菏代]I@p杉凭讠А,1948309.00,タ`逼穸q代
2019-07-31T17:00:00,P201,逼瘳yv菏代]I@p杉凭讠А,1927214.00,タ`逼穸q代
2019-07-31T17:00:00,P301,逼瘳yv菏代]I@p杉凭讠А,1662332.00,タ`逼穸q代
2019-07-31T17:00:00,P401,逼瘳yv菏代]I@p杉凭讠А,96525.00,TwγV方既氨B锣珊蚀]Iぇq代
2019-07-31T17:00:00,P501,逼瘳yv菏代]I@p杉凭讠А,1788341.00,タ`逼穸q代
2019-07-31T17:00:00,P601,逼瘳yv菏代]I@p杉凭讠А,1696341.00,タ`逼穸q代
2019-07-31T17:00:00,P701,逼瘳yv菏代]I@p杉凭讠А,1808075.00,タ`逼穸q代
2019-07-31T17:00:00,P801,逼瘳yv菏代]I@p杉凭讠А,2000060.00,タ`逼穸q代
2019-07-31T17:00:00,P011,瘁瘠篇菏代]I@p杉凭讠А,43.00,タ`逼穸q代
2019-07-31T17:00:00,P021,瘁瘠篇菏代]I@p杉凭讠А,37.00,タ`逼穸q代
2019-07-31T17:00:00,P101,瘁瘠篇菏代]I@p杉凭讠А,33.00,タ`逼穸q代
2019-07-31T17:00:00,P201,瘁瘠篇菏代]I@p杉凭讠А,31.00,タ`逼穸q代
2019-07-31T17:00:00,P301,瘁瘠篇菏代]I@p杉凭讠А,41.00,タ`逼穸q代
2019-07-31T17:00:00,P401,瘁瘠篇菏代]I@p杉凭讠А,1.00,TwγV方既氨B锣珊蚀]Iぇq代
2019-07-31T17:00:00,P501,瘁瘠篇菏代]I@p杉凭讠А,42.00,タ`逼穸q代
2019-07-31T17:00:00,P601,瘁瘠篇菏代]I@p杉凭讠А,52.00,タ`逼穸q代
2019-07-31T17:00:00,P701,瘁瘠篇菏代]I@p杉凭讠А,43.00,タ`逼穸q代
2019-07-31T17:00:00,P801,瘁瘠篇菏代]I@p杉凭讠А,44.00,タ`逼穸q代
2019-07-31T17:00:00,P011,放缀蚀]I@p杉凭讠А,103.00,タ`逼穸q代
2019-07-31T17:00:00,P021,放缀蚀]I@p杉凭讠А,113.00,タ`逼穸q代
2019-07-31T17:00:00,P101,放缀蚀]I@p杉凭讠А,104.00,タ`逼穸q代
2019-07-31T17:00:00,P201,放缀蚀]I@p杉凭讠А,93.00,タ`逼穸q代
2019-07-31T17:00:00,P301,放缀蚀]I@p杉凭讠А,103.00,タ`逼穸q代
2019-07-31T17:00:00,P401,放缀蚀]I@p杉凭讠А,31.00,TwγV方既氨B锣珊蚀]Iぇq代
2019-07-31T17:00:00,P501,放缀蚀]I@p杉凭讠А,106.00,タ`逼穸q代
2019-07-31T17:00:00,P601,放缀蚀]I@p杉凭讠А,97.00,タ`逼穸q代
2019-07-31T17:00:00,P701,放缀蚀]I@p杉凭讠А,105.00,タ`逼穸q代
2019-07-31T17:00:00,P801,放缀蚀]I@p杉凭讠А,107.00,タ`逼穸q代
2019-07-31T18:00:00,P011,G瘠撇负蚀]I@p杉凭讠А,29.00,タ`逼穸q代
2019-07-31T18:00:00,P021,G瘠撇负蚀]I@p杉凭讠А,25.00,タ`逼穸q代
2019-07-31T18:00:00,P101,G瘠撇负蚀]I@p杉凭讠А,24.00,タ`逼穸q代
2019-07-31T18:00:00,P201,G瘠撇负蚀]I@p杉凭讠А,22.00,タ`逼穸q代
2019-07-31T18:00:00,P301,G瘠撇负蚀]I@p杉凭讠А,8.00,タ`逼穸q代
2019-07-31T18:00:00,P401,G瘠撇负蚀]I@p杉凭讠А,2.00,TwγV方既氨B锣珊蚀]Iぇq代
2019-07-31T18:00:00,P501,G瘠撇负蚀]I@p杉凭讠А,32.00,タ`逼穸q代
2019-07-31T18:00:00,P601,G瘠撇负蚀]I@p杉凭讠А,32.00,タ`逼穸q代
2019-07-31T18:00:00,P701,G瘠撇负蚀]I@p杉凭讠А,35.00,タ`逼穸q代
2019-07-31T18:00:00,P801,G瘠撇负蚀]I@p杉凭讠А,38.00,タ`逼穸q代
2019-07-31T18:00:00,P011,癞鸷蚀]I@p杉凭讠А,4.80,タ`逼穸q代
2019-07-31T18:00:00,P021,癞鸷蚀]I@p杉凭讠А,4.60,タ`逼穸q代
2019-07-31T18:00:00,P101,癞鸷蚀]I@p杉凭讠А,5.60,タ`逼穸q代
2019-07-31T18:00:00,P201,癞鸷蚀]I@p杉凭讠А,5.80,タ`逼穸q代
2019-07-31T18:00:00,P301,癞鸷蚀]I@p杉凭讠А,5.50,タ`逼穸q代
2019-07-31T18:00:00,P401,癞鸷蚀]I@p杉凭讠А,22.60,TwγV方既氨B锣珊蚀]Iぇq代
2019-07-31T18:00:00,P501,癞鸷蚀]I@p杉凭讠А,4.90,タ`逼穸q代
2019-07-31T18:00:00,P601,癞鸷蚀]I@p杉凭讠А,4.20,タ`逼穸q代
2019-07-31T18:00:00,P701,癞鸷蚀]I@p杉凭讠А,3.70,タ`逼穸q代
2019-07-31T18:00:00,P801,癞鸷蚀]I@p杉凭讠А,4.40,タ`逼穸q代
2019-07-31T18:00:00,P011,逼瘳yv菏代]I@p杉凭讠А,1830871.00,タ`逼穸q代
2019-07-31T18:00:00,P021,逼瘳yv菏代]I@p杉凭讠А,1861264.00,タ`逼穸q代
2019-07-31T18:00:00,P101,逼瘳yv菏代]I@p杉凭讠А,1953939.00,タ`逼穸q代
2019-07-31T18:00:00,P201,逼瘳yv菏代]I@p杉凭讠А,1952360.00,タ`逼穸q代
2019-07-31T18:00:00,P301,逼瘳yv菏代]I@p杉凭讠А,1649369.00,タ`逼穸q代
2019-07-31T18:00:00,P401,逼瘳yv菏代]I@p杉凭讠А,108431.00,TwγV方既氨B锣珊蚀]Iぇq代
2019-07-31T18:00:00,P501,逼瘳yv菏代]I@p杉凭讠А,1784034.00,タ`逼穸q代
2019-07-31T18:00:00,P601,逼瘳yv菏代]I@p杉凭讠А,1689158.00,タ`逼穸q代
2019-07-31T18:00:00,P701,逼瘳yv菏代]I@p杉凭讠А,1801617.00,タ`逼穸q代
2019-07-31T18:00:00,P801,逼瘳yv菏代]I@p杉凭讠А,2000297.00,タ`逼穸q代
2019-07-31T18:00:00,P011,瘁瘠篇菏代]I@p杉凭讠А,43.00,タ`逼穸q代
2019-07-31T18:00:00,P021,瘁瘠篇菏代]I@p杉凭讠А,37.00,タ`逼穸q代
2019-07-31T18:00:00,P101,瘁瘠篇菏代]I@p杉凭讠А,31.00,タ`逼穸q代
2019-07-31T18:00:00,P201,瘁瘠篇菏代]I@p杉凭讠А,30.00,タ`逼穸q代
2019-07-31T18:00:00,P301,瘁瘠篇菏代]I@p杉凭讠А,42.00,タ`逼穸q代
2019-07-31T18:00:00,P401,瘁瘠篇菏代]I@p杉凭讠А,1.00,TwγV方既氨B锣珊蚀]Iぇq代
2019-07-31T18:00:00,P501,瘁瘠篇菏代]I@p杉凭讠А,42.00,タ`逼穸q代
2019-07-31T18:00:00,P601,瘁瘠篇菏代]I@p杉凭讠А,52.00,タ`逼穸q代
2019-07-31T18:00:00,P701,瘁瘠篇菏代]I@p杉凭讠А,43.00,タ`逼穸q代
2019-07-31T18:00:00,P801,瘁瘠篇菏代]I@p杉凭讠А,43.00,タ`逼穸q代
2019-07-31T18:00:00,P011,放缀蚀]I@p杉凭讠А,102.00,タ`逼穸q代
2019-07-31T18:00:00,P021,放缀蚀]I@p杉凭讠А,113.00,タ`逼穸q代
2019-07-31T18:00:00,P101,放缀蚀]I@p杉凭讠А,103.00,タ`逼穸q代
2019-07-31T18:00:00,P201,放缀蚀]I@p杉凭讠А,93.00,タ`逼穸q代
2019-07-31T18:00:00,P301,放缀蚀]I@p杉凭讠А,103.00,タ`逼穸q代
2019-07-31T18:00:00,P401,放缀蚀]I@p杉凭讠А,31.00,TwγV方既氨B锣珊蚀]Iぇq代
2019-07-31T18:00:00,P501,放缀蚀]I@p杉凭讠А,107.00,タ`逼穸q代
2019-07-31T18:00:00,P601,放缀蚀]I@p杉凭讠А,100.00,タ`逼穸q代
2019-07-31T18:00:00,P701,放缀蚀]I@p杉凭讠А,105.00,タ`逼穸q代
2019-07-31T18:00:00,P801,放缀蚀]I@p杉凭讠А,106.00,タ`逼穸q代
2019-07-31T19:00:00,P011,G瘠撇负蚀]I@p杉凭讠А,26.00,タ`逼穸q代
2019-07-31T19:00:00,P021,G瘠撇负蚀]I@p杉凭讠А,19.00,タ`逼穸q代
2019-07-31T19:00:00,P101,G瘠撇负蚀]I@p杉凭讠А,30.00,タ`逼穸q代
2019-07-31T19:00:00,P201,G瘠撇负蚀]I@p杉凭讠А,21.00,タ`逼穸q代
2019-07-31T19:00:00,P301,G瘠撇负蚀]I@p杉凭讠А,6.00,タ`逼穸q代
2019-07-31T19:00:00,P401,G瘠撇负蚀]I@p杉凭讠А,2.00,TwγV方既氨B锣珊蚀]Iぇq代
2019-07-31T19:00:00,P501,G瘠撇负蚀]I@p杉凭讠А,28.00,タ`逼穸q代
2019-07-31T19:00:00,P601,G瘠撇负蚀]I@p杉凭讠А,26.00,タ`逼穸q代
2019-07-31T19:00:00,P701,G瘠撇负蚀]I@p杉凭讠А,33.00,タ`逼穸q代
2019-07-31T19:00:00,P801,G瘠撇负蚀]I@p杉凭讠А,38.00,タ`逼穸q代
2019-07-31T19:00:00,P011,癞鸷蚀]I@p杉凭讠А,4.80,タ`逼穸q代
2019-07-31T19:00:00,P021,癞鸷蚀]I@p杉凭讠А,4.70,タ`逼穸q代
2019-07-31T19:00:00,P101,癞鸷蚀]I@p杉凭讠А,5.70,タ`逼穸q代
2019-07-31T19:00:00,P201,癞鸷蚀]I@p杉凭讠А,5.80,タ`逼穸q代
2019-07-31T19:00:00,P301,癞鸷蚀]I@p杉凭讠А,5.70,タ`逼穸q代
2019-07-31T19:00:00,P401,癞鸷蚀]I@p杉凭讠А,22.60,TwγV方既氨B锣珊蚀]Iぇq代
2019-07-31T19:00:00,P501,癞鸷蚀]I@p杉凭讠А,4.90,タ`逼穸q代
2019-07-31T19:00:00,P601,癞鸷蚀]I@p杉凭讠А,4.10,タ`逼穸q代
2019-07-31T19:00:00,P701,癞鸷蚀]I@p杉凭讠А,3.60,タ`逼穸q代
2019-07-31T19:00:00,P801,癞鸷蚀]I@p杉凭讠А,4.50,タ`逼穸q代
2019-07-31T19:00:00,P011,逼瘳yv菏代]I@p杉凭讠А,1831583.00,タ`逼穸q代
2019-07-31T19:00:00,P021,逼瘳yv菏代]I@p杉凭讠А,1843377.00,タ`逼穸q代
2019-07-31T19:00:00,P101,逼瘳yv菏代]I@p杉凭讠А,1939940.00,タ`逼穸q代
2019-07-31T19:00:00,P201,逼瘳yv菏代]I@p杉凭讠А,1934377.00,タ`逼穸q代
2019-07-31T19:00:00,P301,逼瘳yv菏代]I@p杉凭讠А,1629734.00,タ`逼穸q代
2019-07-31T19:00:00,P401,逼瘳yv菏代]I@p杉凭讠А,136880.00,TwγV方既氨B锣珊蚀]Iぇq代
2019-07-31T19:00:00,P501,逼瘳yv菏代]I@p杉凭讠А,1780763.00,タ`逼穸q代
2019-07-31T19:00:00,P601,逼瘳yv菏代]I@p杉凭讠А,1675165.00,タ`逼穸q代
2019-07-31T19:00:00,P701,逼瘳yv菏代]I@p杉凭讠А,1800149.00,タ`逼穸q代
2019-07-31T19:00:00,P801,逼瘳yv菏代]I@p杉凭讠А,1989763.00,タ`逼穸q代
2019-07-31T19:00:00,P011,瘁瘠篇菏代]I@p杉凭讠А,43.00,タ`逼穸q代
2019-07-31T19:00:00,P021,瘁瘠篇菏代]I@p杉凭讠А,40.00,タ`逼穸q代
2019-07-31T19:00:00,P101,瘁瘠篇菏代]I@p杉凭讠А,31.00,タ`逼穸q代
2019-07-31T19:00:00,P201,瘁瘠篇菏代]I@p杉凭讠А,30.00,タ`逼穸q代
2019-07-31T19:00:00,P301,瘁瘠篇菏代]I@p杉凭讠А,41.00,タ`逼穸q代
2019-07-31T19:00:00,P401,瘁瘠篇菏代]I@p杉凭讠А,1.00,TwγV方既氨B锣珊蚀]Iぇq代
2019-07-31T19:00:00,P501,瘁瘠篇菏代]I@p杉凭讠А,42.00,タ`逼穸q代
2019-07-31T19:00:00,P601,瘁瘠篇菏代]I@p杉凭讠А,52.00,タ`逼穸q代
2019-07-31T19:00:00,P701,瘁瘠篇菏代]I@p杉凭讠А,43.00,タ`逼穸q代
2019-07-31T19:00:00,P801,瘁瘠篇菏代]I@p杉凭讠А,43.00,タ`逼穸q代
2019-07-31T19:00:00,P011,放缀蚀]I@p杉凭讠А,101.00,タ`逼穸q代
2019-07-31T19:00:00,P021,放缀蚀]I@p杉凭讠А,113.00,タ`逼穸q代
2019-07-31T19:00:00,P101,放缀蚀]I@p杉凭讠А,102.00,タ`逼穸q代
2019-07-31T19:00:00,P201,放缀蚀]I@p杉凭讠А,93.00,タ`逼穸q代
2019-07-31T19:00:00,P301,放缀蚀]I@p杉凭讠А,102.00,タ`逼穸q代
2019-07-31T19:00:00,P401,放缀蚀]I@p杉凭讠А,31.00,TwγV方既氨B锣珊蚀]Iぇq代
2019-07-31T19:00:00,P501,放缀蚀]I@p杉凭讠А,107.00,タ`逼穸q代
2019-07-31T19:00:00,P601,放缀蚀]I@p杉凭讠А,101.00,タ`逼穸q代
2019-07-31T19:00:00,P701,放缀蚀]I@p杉凭讠А,102.00,タ`逼穸q代
2019-07-31T19:00:00,P801,放缀蚀]I@p杉凭讠А,106.00,タ`逼穸q代
2019-07-31T20:00:00,P011,G瘠撇负蚀]I@p杉凭讠А,23.00,タ`逼穸q代
2019-07-31T20:00:00,P021,G瘠撇负蚀]I@p杉凭讠А,21.00,タ`逼穸q代
2019-07-31T20:00:00,P101,G瘠撇负蚀]I@p杉凭讠А,23.00,タ`逼穸q代
2019-07-31T20:00:00,P201,G瘠撇负蚀]I@p杉凭讠А,26.00,タ`逼穸q代
2019-07-31T20:00:00,P301,G瘠撇负蚀]I@p杉凭讠А,5.00,タ`逼穸q代
2019-07-31T20:00:00,P401,G瘠撇负蚀]I@p杉凭讠А,2.00,TwγV方既氨B锣珊蚀]Iぇq代
2019-07-31T20:00:00,P501,G瘠撇负蚀]I@p杉凭讠А,28.00,タ`逼穸q代
2019-07-31T20:00:00,P601,G瘠撇负蚀]I@p杉凭讠А,32.00,タ`逼穸q代
2019-07-31T20:00:00,P701,G瘠撇负蚀]I@p杉凭讠А,30.00,タ`逼穸q代
2019-07-31T20:00:00,P801,G瘠撇负蚀]I@p杉凭讠А,38.00,タ`逼穸q代
2019-07-31T20:00:00,P011,癞鸷蚀]I@p杉凭讠А,4.90,タ`逼穸q代
2019-07-31T20:00:00,P021,癞鸷蚀]I@p杉凭讠А,4.80,タ`逼穸q代
2019-07-31T20:00:00,P101,癞鸷蚀]I@p杉凭讠А,5.80,タ`逼穸q代
2019-07-31T20:00:00,P201,癞鸷蚀]I@p杉凭讠А,5.80,タ`逼穸q代
2019-07-31T20:00:00,P301,癞鸷蚀]I@p杉凭讠А,5.50,タ`逼穸q代
2019-07-31T20:00:00,P401,癞鸷蚀]I@p杉凭讠А,22.60,TwγV方既氨B锣珊蚀]Iぇq代
2019-07-31T20:00:00,P501,癞鸷蚀]I@p杉凭讠А,4.80,タ`逼穸q代
2019-07-31T20:00:00,P601,癞鸷蚀]I@p杉凭讠А,4.40,タ`逼穸q代
2019-07-31T20:00:00,P701,癞鸷蚀]I@p杉凭讠А,3.70,タ`逼穸q代
2019-07-31T20:00:00,P801,癞鸷蚀]I@p杉凭讠А,4.50,タ`逼穸q代
2019-07-31T20:00:00,P011,逼瘳yv菏代]I@p杉凭讠А,1830222.00,タ`逼穸q代
2019-07-31T20:00:00,P021,逼瘳yv菏代]I@p杉凭讠А,1829668.00,タ`逼穸q代
2019-07-31T20:00:00,P101,逼瘳yv菏代]I@p杉凭讠А,1923279.00,タ`逼穸q代
2019-07-31T20:00:00,P201,逼瘳yv菏代]I@p杉凭讠А,1912377.00,タ`逼穸q代
2019-07-31T20:00:00,P301,逼瘳yv菏代]I@p杉凭讠А,1635153.00,タ`逼穸q代
2019-07-31T20:00:00,P401,逼瘳yv菏代]I@p杉凭讠А,141905.00,TwγV方既氨B锣珊蚀]Iぇq代
2019-07-31T20:00:00,P501,逼瘳yv菏代]I@p杉凭讠А,1785288.00,タ`逼穸q代
2019-07-31T20:00:00,P601,逼瘳yv菏代]I@p杉凭讠А,1670128.00,タ`逼穸q代
2019-07-31T20:00:00,P701,逼瘳yv菏代]I@p杉凭讠А,1800078.00,タ`逼穸q代
2019-07-31T20:00:00,P801,逼瘳yv菏代]I@p杉凭讠А,1980341.00,タ`逼穸q代
2019-07-31T20:00:00,P011,瘁瘠篇菏代]I@p杉凭讠А,42.00,タ`逼穸q代
2019-07-31T20:00:00,P021,瘁瘠篇菏代]I@p杉凭讠А,37.00,タ`逼穸q代
2019-07-31T20:00:00,P101,瘁瘠篇菏代]I@p杉凭讠А,32.00,タ`逼穸q代
2019-07-31T20:00:00,P201,瘁瘠篇菏代]I@p杉凭讠А,30.00,タ`逼穸q代
2019-07-31T20:00:00,P301,瘁瘠篇菏代]I@p杉凭讠А,42.00,タ`逼穸q代
2019-07-31T20:00:00,P401,瘁瘠篇菏代]I@p杉凭讠А,1.00,TwγV方既氨B锣珊蚀]Iぇq代
2019-07-31T20:00:00,P501,瘁瘠篇菏代]I@p杉凭讠А,43.00,タ`逼穸q代
2019-07-31T20:00:00,P601,瘁瘠篇菏代]I@p杉凭讠А,53.00,タ`逼穸q代
2019-07-31T20:00:00,P701,瘁瘠篇菏代]I@p杉凭讠А,42.00,タ`逼穸q代
2019-07-31T20:00:00,P801,瘁瘠篇菏代]I@p杉凭讠А,44.00,タ`逼穸q代
2019-07-31T20:00:00,P011,放缀蚀]I@p杉凭讠А,102.00,タ`逼穸q代
2019-07-31T20:00:00,P021,放缀蚀]I@p杉凭讠А,112.00,タ`逼穸q代
2019-07-31T20:00:00,P101,放缀蚀]I@p杉凭讠А,102.00,タ`逼穸q代
2019-07-31T20:00:00,P201,放缀蚀]I@p杉凭讠А,93.00,タ`逼穸q代
2019-07-31T20:00:00,P301,放缀蚀]I@p杉凭讠А,102.00,タ`逼穸q代
2019-07-31T20:00:00,P401,放缀蚀]I@p杉凭讠А,31.00,TwγV方既氨B锣珊蚀]Iぇq代
2019-07-31T20:00:00,P501,放缀蚀]I@p杉凭讠А,107.00,タ`逼穸q代
2019-07-31T20:00:00,P601,放缀蚀]I@p杉凭讠А,101.00,タ`逼穸q代
2019-07-31T20:00:00,P701,放缀蚀]I@p杉凭讠А,102.00,タ`逼穸q代
2019-07-31T20:00:00,P801,放缀蚀]I@p杉凭讠А,105.00,タ`逼穸q代
2019-07-31T21:00:00,P011,G瘠撇负蚀]I@p杉凭讠А,23.00,タ`逼穸q代
2019-07-31T21:00:00,P021,G瘠撇负蚀]I@p杉凭讠А,30.00,タ`逼穸q代
2019-07-31T21:00:00,P101,G瘠撇负蚀]I@p杉凭讠А,18.00,タ`逼穸q代
2019-07-31T21:00:00,P201,G瘠撇负蚀]I@p杉凭讠А,28.00,タ`逼穸q代
2019-07-31T21:00:00,P301,G瘠撇负蚀]I@p杉凭讠А,5.00,タ`逼穸q代
2019-07-31T21:00:00,P401,G瘠撇负蚀]I@p杉凭讠А,2.00,TwγV方既氨B锣珊蚀]Iぇq代
2019-07-31T21:00:00,P501,G瘠撇负蚀]I@p杉凭讠А,27.00,タ`逼穸q代
2019-07-31T21:00:00,P601,G瘠撇负蚀]I@p杉凭讠А,35.00,タ`逼穸q代
2019-07-31T21:00:00,P701,G瘠撇负蚀]I@p杉凭讠А,29.00,タ`逼穸q代
2019-07-31T21:00:00,P801,G瘠撇负蚀]I@p杉凭讠А,40.00,タ`逼穸q代
2019-07-31T21:00:00,P011,癞鸷蚀]I@p杉凭讠А,4.90,タ`逼穸q代
2019-07-31T21:00:00,P021,癞鸷蚀]I@p杉凭讠А,4.90,タ`逼穸q代
2019-07-31T21:00:00,P101,癞鸷蚀]I@p杉凭讠А,5.70,タ`逼穸q代
2019-07-31T21:00:00,P201,癞鸷蚀]I@p杉凭讠А,5.90,タ`逼穸q代
2019-07-31T21:00:00,P301,癞鸷蚀]I@p杉凭讠А,5.50,タ`逼穸q代
2019-07-31T21:00:00,P401,癞鸷蚀]I@p杉凭讠А,22.60,TwγV方既氨B锣珊蚀]Iぇq代
2019-07-31T21:00:00,P501,癞鸷蚀]I@p杉凭讠А,4.90,タ`逼穸q代
2019-07-31T21:00:00,P601,癞鸷蚀]I@p杉凭讠А,4.30,タ`逼穸q代
2019-07-31T21:00:00,P701,癞鸷蚀]I@p杉凭讠А,3.90,タ`逼穸q代
2019-07-31T21:00:00,P801,癞鸷蚀]I@p杉凭讠А,4.50,タ`逼穸q代
2019-07-31T21:00:00,P011,逼瘳yv菏代]I@p杉凭讠А,1835883.00,タ`逼穸q代
2019-07-31T21:00:00,P021,逼瘳yv菏代]I@p杉凭讠А,1833851.00,タ`逼穸q代
2019-07-31T21:00:00,P101,逼瘳yv菏代]I@p杉凭讠А,1933265.00,タ`逼穸q代
2019-07-31T21:00:00,P201,逼瘳yv菏代]I@p杉凭讠А,1898951.00,タ`逼穸q代
2019-07-31T21:00:00,P301,逼瘳yv菏代]I@p杉凭讠А,1630423.00,タ`逼穸q代
2019-07-31T21:00:00,P401,逼瘳yv菏代]I@p杉凭讠А,126765.00,TwγV方既氨B锣珊蚀]Iぇq代
2019-07-31T21:00:00,P501,逼瘳yv菏代]I@p杉凭讠А,1778934.00,タ`逼穸q代
2019-07-31T21:00:00,P601,逼瘳yv菏代]I@p杉凭讠А,1665805.00,タ`逼穸q代
2019-07-31T21:00:00,P701,逼瘳yv菏代]I@p杉凭讠А,1794200.00,タ`逼穸q代
2019-07-31T21:00:00,P801,逼瘳yv菏代]I@p杉凭讠А,1975547.00,タ`逼穸q代
2019-07-31T21:00:00,P011,瘁瘠篇菏代]I@p杉凭讠А,43.00,タ`逼穸q代
2019-07-31T21:00:00,P021,瘁瘠篇菏代]I@p杉凭讠А,38.00,タ`逼穸q代
2019-07-31T21:00:00,P101,瘁瘠篇菏代]I@p杉凭讠А,31.00,タ`逼穸q代
2019-07-31T21:00:00,P201,瘁瘠篇菏代]I@p杉凭讠А,30.00,タ`逼穸q代
2019-07-31T21:00:00,P301,瘁瘠篇菏代]I@p杉凭讠А,41.00,タ`逼穸q代
2019-07-31T21:00:00,P401,瘁瘠篇菏代]I@p杉凭讠А,1.00,TwγV方既氨B锣珊蚀]Iぇq代
2019-07-31T21:00:00,P501,瘁瘠篇菏代]I@p杉凭讠А,42.00,タ`逼穸q代
2019-07-31T21:00:00,P601,瘁瘠篇菏代]I@p杉凭讠А,54.00,タ`逼穸q代
2019-07-31T21:00:00,P701,瘁瘠篇菏代]I@p杉凭讠А,43.00,タ`逼穸q代
2019-07-31T21:00:00,P801,瘁瘠篇菏代]I@p杉凭讠А,44.00,タ`逼穸q代
2019-07-31T21:00:00,P011,放缀蚀]I@p杉凭讠А,102.00,タ`逼穸q代
2019-07-31T21:00:00,P021,放缀蚀]I@p杉凭讠А,111.00,タ`逼穸q代
2019-07-31T21:00:00,P101,放缀蚀]I@p杉凭讠А,102.00,タ`逼穸q代
2019-07-31T21:00:00,P201,放缀蚀]I@p杉凭讠А,92.00,タ`逼穸q代
2019-07-31T21:00:00,P301,放缀蚀]I@p杉凭讠А,102.00,タ`逼穸q代
2019-07-31T21:00:00,P401,放缀蚀]I@p杉凭讠А,30.00,TwγV方既氨B锣珊蚀]Iぇq代
2019-07-31T21:00:00,P501,放缀蚀]I@p杉凭讠А,104.00,タ`逼穸q代
2019-07-31T21:00:00,P601,放缀蚀]I@p杉凭讠А,101.00,タ`逼穸q代
2019-07-31T21:00:00,P701,放缀蚀]I@p杉凭讠А,102.00,タ`逼穸q代
2019-07-31T21:00:00,P801,放缀蚀]I@p杉凭讠А,105.00,タ`逼穸q代
2019-07-31T22:00:00,P011,G瘠撇负蚀]I@p杉凭讠А,21.00,タ`逼穸q代
2019-07-31T22:00:00,P021,G瘠撇负蚀]I@p杉凭讠А,32.00,タ`逼穸q代
2019-07-31T22:00:00,P101,G瘠撇负蚀]I@p杉凭讠А,10.00,タ`逼穸q代
2019-07-31T22:00:00,P201,G瘠撇负蚀]I@p杉凭讠А,30.00,タ`逼穸q代
2019-07-31T22:00:00,P301,G瘠撇负蚀]I@p杉凭讠А,5.00,タ`逼穸q代
2019-07-31T22:00:00,P401,G瘠撇负蚀]I@p杉凭讠А,2.00,TwγV方既氨B锣珊蚀]Iぇq代
2019-07-31T22:00:00,P501,G瘠撇负蚀]I@p杉凭讠А,22.00,タ`逼穸q代
2019-07-31T22:00:00,P601,G瘠撇负蚀]I@p杉凭讠А,31.00,タ`逼穸q代
2019-07-31T22:00:00,P701,G瘠撇负蚀]I@p杉凭讠А,29.00,タ`逼穸q代
2019-07-31T22:00:00,P801,G瘠撇负蚀]I@p杉凭讠А,37.00,タ`逼穸q代
2019-07-31T22:00:00,P011,癞鸷蚀]I@p杉凭讠А,4.80,タ`逼穸q代
2019-07-31T22:00:00,P021,癞鸷蚀]I@p杉凭讠А,4.80,タ`逼穸q代
2019-07-31T22:00:00,P101,癞鸷蚀]I@p杉凭讠А,5.80,タ`逼穸q代
2019-07-31T22:00:00,P201,癞鸷蚀]I@p杉凭讠А,5.90,タ`逼穸q代
2019-07-31T22:00:00,P301,癞鸷蚀]I@p杉凭讠А,5.70,タ`逼穸q代
2019-07-31T22:00:00,P401,癞鸷蚀]I@p杉凭讠А,22.60,TwγV方既氨B锣珊蚀]Iぇq代
2019-07-31T22:00:00,P501,癞鸷蚀]I@p杉凭讠А,5.00,タ`逼穸q代
2019-07-31T22:00:00,P601,癞鸷蚀]I@p杉凭讠А,4.40,タ`逼穸q代
2019-07-31T22:00:00,P701,癞鸷蚀]I@p杉凭讠А,3.90,タ`逼穸q代
2019-07-31T22:00:00,P801,癞鸷蚀]I@p杉凭讠А,4.60,タ`逼穸q代
2019-07-31T22:00:00,P011,逼瘳yv菏代]I@p杉凭讠А,1842870.00,タ`逼穸q代
2019-07-31T22:00:00,P021,逼瘳yv菏代]I@p杉凭讠А,1837194.00,タ`逼穸q代
2019-07-31T22:00:00,P101,逼瘳yv菏代]I@p杉凭讠А,1934834.00,タ`逼穸q代
2019-07-31T22:00:00,P201,逼瘳yv菏代]I@p杉凭讠А,1901002.00,タ`逼穸q代
2019-07-31T22:00:00,P301,逼瘳yv菏代]I@p杉凭讠А,1623903.00,タ`逼穸q代
2019-07-31T22:00:00,P401,逼瘳yv菏代]I@p杉凭讠А,136667.00,TwγV方既氨B锣珊蚀]Iぇq代
2019-07-31T22:00:00,P501,逼瘳yv菏代]I@p杉凭讠А,1772961.00,タ`逼穸q代
2019-07-31T22:00:00,P601,逼瘳yv菏代]I@p杉凭讠А,1660805.00,タ`逼穸q代
2019-07-31T22:00:00,P701,逼瘳yv菏代]I@p杉凭讠А,1789990.00,タ`逼穸q代
2019-07-31T22:00:00,P801,逼瘳yv菏代]I@p杉凭讠А,1987249.00,タ`逼穸q代
2019-07-31T22:00:00,P011,瘁瘠篇菏代]I@p杉凭讠А,43.00,タ`逼穸q代
2019-07-31T22:00:00,P021,瘁瘠篇菏代]I@p杉凭讠А,38.00,タ`逼穸q代
2019-07-31T22:00:00,P101,瘁瘠篇菏代]I@p杉凭讠А,32.00,タ`逼穸q代
2019-07-31T22:00:00,P201,瘁瘠篇菏代]I@p杉凭讠А,30.00,タ`逼穸q代
2019-07-31T22:00:00,P301,瘁瘠篇菏代]I@p杉凭讠А,39.00,タ`逼穸q代
2019-07-31T22:00:00,P401,瘁瘠篇菏代]I@p杉凭讠А,1.00,TwγV方既氨B锣珊蚀]Iぇq代
2019-07-31T22:00:00,P501,瘁瘠篇菏代]I@p杉凭讠А,41.00,タ`逼穸q代
2019-07-31T22:00:00,P601,瘁瘠篇菏代]I@p杉凭讠А,54.00,タ`逼穸q代
2019-07-31T22:00:00,P701,瘁瘠篇菏代]I@p杉凭讠А,42.00,タ`逼穸q代
2019-07-31T22:00:00,P801,瘁瘠篇菏代]I@p杉凭讠А,44.00,タ`逼穸q代
2019-07-31T22:00:00,P011,放缀蚀]I@p杉凭讠А,103.00,タ`逼穸q代
2019-07-31T22:00:00,P021,放缀蚀]I@p杉凭讠А,111.00,タ`逼穸q代
2019-07-31T22:00:00,P101,放缀蚀]I@p杉凭讠А,103.00,タ`逼穸q代
2019-07-31T22:00:00,P201,放缀蚀]I@p杉凭讠А,92.00,タ`逼穸q代
2019-07-31T22:00:00,P301,放缀蚀]I@p杉凭讠А,102.00,タ`逼穸q代
2019-07-31T22:00:00,P401,放缀蚀]I@p杉凭讠А,30.00,TwγV方既氨B锣珊蚀]Iぇq代
2019-07-31T22:00:00,P501,放缀蚀]I@p杉凭讠А,104.00,タ`逼穸q代
2019-07-31T22:00:00,P601,放缀蚀]I@p杉凭讠А,101.00,タ`逼穸q代
2019-07-31T22:00:00,P701,放缀蚀]I@p杉凭讠А,105.00,タ`逼穸q代
2019-07-31T22:00:00,P801,放缀蚀]I@p杉凭讠А,105.00,タ`逼穸q代
